sentence,PIE,true_idioms,is_figurative,tokens,tags,tag_ids,was_fixed
Letztens hab ich im Laden zwei CDs mitgehen lassen.,['mitgehen  lassen'],['mitgehen lassen'],True,"['Letztens ', 'hab ', 'ich ', 'im ', 'Laden ', 'zwei ', 'CDs ', 'mitgehen ', 'lassen', '.']","['O', 'O', 'O', 'O', 'O', 'O', 'O', 'B-IDIOM', 'I-IDIOM', 'O']","[0, 0, 0, 0, 0, 0, 0, 1, 2, 0]",False
Er hat wieder mal mein Feuerzeug mitgehen lassen.,['mitgehen  lassen'],['mitgehen lassen'],True,"['Er ', 'hat ', 'wieder ', 'mal ', 'mein ', 'Feuerzeug ', 'mitgehen ', 'lassen', '.']","['O', 'O', 'O', 'O', 'O', 'O', 'B-IDIOM', 'I-IDIOM', 'O']","[0, 0, 0, 0, 0, 0, 1, 2, 0]",False
Das interessiert mich nicht die Bohne.,['nicht  die  Bohne'],['nicht die Bohne'],True,"['Das ', 'interessiert ', 'mich ', 'nicht ', 'die ', 'Bohne', '.']","['O', 'O', 'O', 'B-IDIOM', 'I-IDIOM', 'I-IDIOM', 'O']","[0, 0, 0, 1, 2, 2, 0]",False
Die Israeliten zogen mit Kind und Kegel von Ägypten nach Palästina.,['mit  Kind  und  Kegel'],['mit Kind und Kegel'],True,"['Die ', 'Israeliten ', 'zogen ', 'mit ', 'Kind ', 'und ', 'Kegel ', 'von ', 'Ägypten ', 'nach ', 'Palästina', '.']","['O', 'O', 'O', 'B-IDIOM', 'I-IDIOM', 'I-IDIOM', 'I-IDIOM', 'O', 'O', 'O', 'O', 'O']","[0, 0, 0, 1, 2, 2, 2, 0, 0, 0, 0, 0]",False
"Unbeeindruckt von der schwelenden Regierungskrise strömten die Franzosen – buchstäblich mit Kind und Kegel – zehn Tage zum ""Grand Palais"" an den Champs-Elysees, um die Parade der dort dekorativ zur Schau gestellten Personenwagen aller führenden Automobilfabriken der Welt abzunehmen.",['mit  Kind  und  Kegel'],['mit Kind und Kegel'],True,"['Unbeeindruckt ', 'von ', 'der ', 'schwelenden ', 'Regierungskrise ', 'strömten ', 'die ', 'Franzosen ', '– ', 'buchstäblich ', 'mit ', 'Kind ', 'und ', 'Kegel ', '– ', 'zehn ', 'Tage ', 'zum ', '""', 'Grand ', 'Palais', '"" ', 'an ', 'den ', 'Champs-Elysees', ', ', 'um ', 'die ', 'Parade ', 'der ', 'dort ', 'dekorativ ', 'zur ', 'Schau ', 'gestellten ', 'Personenwagen ', 'aller ', 'führenden ', 'Automobilfabriken ', 'der ', 'Welt ', 'abzunehmen', '.']","['O', 'O', 'O', 'O', 'O', 'O', 'O', 'O', 'O', 'O', 'B-IDIOM', 'I-IDIOM', 'I-IDIOM', 'I-IDIOM', 'O', 'O', 'O', 'O', 'O', 'O', 'O', 'O', 'O', 'O', 'O', 'O', 'O', 'O', 'O', 'O', 'O', 'O', 'O', 'O', 'O', 'O', 'O', 'O', 'O', 'O', 'O', 'O', 'O']","[0, 0, 0, 0, 0, 0, 0, 0, 0, 0, 1, 2, 2, 2, 0, 0, 0, 0, 0, 0, 0, 0, 0, 0, 0, 0, 0, 0, 0, 0, 0, 0, 0, 0, 0, 0, 0, 0, 0, 0, 0, 0, 0]",False
"Am Friedrichstraßenbunker lungern sie mit Kind und Kegel, mit Taschen und Flaschen, warten auf Bomben, auf Alarm, warten geduldig vor verschlossenen Toren.",['mit  Kind  und  Kegel'],['mit Kind und Kegel'],True,"['Am ', 'Friedrichstraßenbunker ', 'lungern ', 'sie ', 'mit ', 'Kind ', 'und ', 'Kegel', ', ', 'mit ', 'Taschen ', 'und ', 'Flaschen', ', ', 'warten ', 'auf ', 'Bomben', ', ', 'auf ', 'Alarm', ', ', 'warten ', 'geduldig ', 'vor ', 'verschlossenen ', 'Toren', '.']","['O', 'O', 'O', 'O', 'B-IDIOM', 'I-IDIOM', 'I-IDIOM', 'I-IDIOM', 'O', 'O', 'O', 'O', 'O', 'O', 'O', 'O', 'O', 'O', 'O', 'O', 'O', 'O', 'O', 'O', 'O', 'O', 'O']","[0, 0, 0, 0, 1, 2, 2, 2, 0, 0, 0, 0, 0, 0, 0, 0, 0, 0, 0, 0, 0, 0, 0, 0, 0, 0, 0]",False
Unerwartet stand mein Bruder mit Sack und Pack vor meiner Haustür und bat um Herberge.,['mit  Sack  und  Pack'],['mit Sack und Pack'],True,"['Unerwartet ', 'stand ', 'mein ', 'Bruder ', 'mit ', 'Sack ', 'und ', 'Pack ', 'vor ', 'meiner ', 'Haustür ', 'und ', 'bat ', 'um ', 'Herberge', '.']","['O', 'O', 'O', 'O', 'B-IDIOM', 'I-IDIOM', 'I-IDIOM', 'I-IDIOM', 'O', 'O', 'O', 'O', 'O', 'O', 'O', 'O']","[0, 0, 0, 0, 1, 2, 2, 2, 0, 0, 0, 0, 0, 0, 0, 0]",False
Hör’ jetzt endlich auf die beleidigte Leberwurst zu spielen.,['beleidigte Leberwurst'],['beleidigte Leberwurst'],True,"['Hör', '’ ', 'jetzt ', 'endlich ', 'auf ', 'die ', 'beleidigte ', 'Leberwurst ', 'zu ', 'spielen', '.']","['O', 'O', 'O', 'O', 'O', 'O', 'B-IDIOM', 'I-IDIOM', 'O', 'O', 'O']","[0, 0, 0, 0, 0, 0, 1, 2, 0, 0, 0]",False
Sei nicht so’ne beleidigte Leberwurst!,['beleidigte Leberwurst'],['beleidigte Leberwurst'],True,"['Sei ', 'nicht ', 'so', '’ne ', 'beleidigte ', 'Leberwurst', '!']","['O', 'O', 'O', 'O', 'B-IDIOM', 'I-IDIOM', 'O']","[0, 0, 0, 0, 1, 2, 0]",False
"Sie sind gut. Das Fräulein kann jeden Tag ins Gras beißen, und das nennen Sie Liederlichkeit! Da müssen Sie sich schon näher erklären.",['ins Gras beißen'],['ins Gras beißen'],True,"['Sie ', 'sind ', 'gut', '. ', 'Das ', 'Fräulein ', 'kann ', 'jeden ', 'Tag ', 'ins ', 'Gras ', 'beißen', ', ', 'und ', 'das ', 'nennen ', 'Sie ', 'Liederlichkeit', '! ', 'Da ', 'müssen ', 'Sie ', 'sich ', 'schon ', 'näher ', 'erklären', '.']","['O', 'O', 'O', 'O', 'O', 'O', 'O', 'O', 'O', 'B-IDIOM', 'I-IDIOM', 'I-IDIOM', 'O', 'O', 'O', 'O', 'O', 'O', 'O', 'O', 'O', 'O', 'O', 'O', 'O', 'O', 'O']","[0, 0, 0, 0, 0, 0, 0, 0, 0, 1, 2, 2, 0, 0, 0, 0, 0, 0, 0, 0, 0, 0, 0, 0, 0, 0, 0]",False
DVDs sind von gestern. Du brauchst Blu-Ray.,['von  gestern'],['von gestern'],True,"['DVDs ', 'sind ', 'von ', 'gestern', '. ', 'Du ', 'brauchst ', 'Blu-Ray', '.']","['O', 'O', 'B-IDIOM', 'I-IDIOM', 'O', 'O', 'O', 'O', 'O']","[0, 0, 1, 2, 0, 0, 0, 0, 0]",False
Ich bin doch nicht von gestern!,['von  gestern'],['von gestern'],True,"['Ich ', 'bin ', 'doch ', 'nicht ', 'von ', 'gestern', '!']","['O', 'O', 'O', 'O', 'B-IDIOM', 'I-IDIOM', 'O']","[0, 0, 0, 0, 1, 2, 0]",False
eine an den Haaren herbeigezogene Behauptung,['an  den  Haaren  herbeigezogene'],['an den Haaren herbeigezogene'],True,"['eine ', 'an ', 'den ', 'Haaren ', 'herbeigezogene ', 'Behauptung']","['O', 'B-IDIOM', 'I-IDIOM', 'I-IDIOM', 'I-IDIOM', 'O']","[0, 1, 2, 2, 2, 0]",True
eine an den Haaren herbeigezogene Theorie,['an  den  Haaren  herbeigezogene'],['an den Haaren herbeigezogene'],True,"['eine ', 'an ', 'den ', 'Haaren ', 'herbeigezogene ', 'Theorie']","['O', 'B-IDIOM', 'I-IDIOM', 'I-IDIOM', 'I-IDIOM', 'O']","[0, 1, 2, 2, 2, 0]",True
Ich werde schon über die Runden kommen.,['über  die  Runden  kommen'],['über die Runden kommen'],True,"['Ich ', 'werde ', 'schon ', 'über ', 'die ', 'Runden ', 'kommen', '.']","['O', 'O', 'O', 'B-IDIOM', 'I-IDIOM', 'I-IDIOM', 'I-IDIOM', 'O']","[0, 0, 0, 1, 2, 2, 2, 0]",False
Er hat seine Meinung von heute auf morgen geändert.,['von  heute  auf  morgen'],['von heute auf morgen'],True,"['Er ', 'hat ', 'seine ', 'Meinung ', 'von ', 'heute ', 'auf ', 'morgen ', 'geändert', '.']","['O', 'O', 'O', 'O', 'B-IDIOM', 'I-IDIOM', 'I-IDIOM', 'I-IDIOM', 'O', 'O']","[0, 0, 0, 0, 1, 2, 2, 2, 0, 0]",False
Die EU-Kommission will die Mitgliedsländer an die Kandare nehmen: Unsolides Wirtschaften wird bestraft.,['an die Kandare nehmen'],['an die Kandare nehmen'],True,"['Die ', 'EU-Kommission ', 'will ', 'die ', 'Mitgliedsländer ', 'an ', 'die ', 'Kandare ', 'nehmen', ': ', 'Unsolides ', 'Wirtschaften ', 'wird ', 'bestraft', '.']","['O', 'O', 'O', 'O', 'O', 'B-IDIOM', 'I-IDIOM', 'I-IDIOM', 'I-IDIOM', 'O', 'O', 'O', 'O', 'O', 'O']","[0, 0, 0, 0, 0, 1, 2, 2, 2, 0, 0, 0, 0, 0, 0]",False
Das ganze Projekt steht auf der Kippe.,['auf der Kippe'],['auf der Kippe'],True,"['Das ', 'ganze ', 'Projekt ', 'steht ', 'auf ', 'der ', 'Kippe', '.']","['O', 'O', 'O', 'O', 'B-IDIOM', 'I-IDIOM', 'I-IDIOM', 'O']","[0, 0, 0, 0, 1, 2, 2, 0]",False
Schließlich ließ er sich vollgeschwitzt außer Puste auf seine vier Buchstaben plotzen.,['vier  Buchstaben'],['vier Buchstaben'],True,"['Schließlich ', 'ließ ', 'er ', 'sich ', 'vollgeschwitzt ', 'außer ', 'Puste ', 'auf ', 'seine ', 'vier ', 'Buchstaben ', 'plotzen', '.']","['O', 'O', 'O', 'O', 'O', 'O', 'O', 'O', 'O', 'B-IDIOM', 'I-IDIOM', 'O', 'O']","[0, 0, 0, 0, 0, 0, 0, 0, 0, 1, 2, 0, 0]",False
"Jetzt haben sie ihren Sohn dreißig Jahre lang verwöhnt und kaum hat er eine Freundin, zieht er mir nichts, dir nichts aus.","['mir  nichts ,  dir  nichts']","['mir nichts, dir nichts']",True,"['Jetzt ', 'haben ', 'sie ', 'ihren ', 'Sohn ', 'dreißig ', 'Jahre ', 'lang ', 'verwöhnt ', 'und ', 'kaum ', 'hat ', 'er ', 'eine ', 'Freundin', ', ', 'zieht ', 'er ', 'mir ', 'nichts', ', ', 'dir ', 'nichts ', 'aus', '.']","['O', 'O', 'O', 'O', 'O', 'O', 'O', 'O', 'O', 'O', 'O', 'O', 'O', 'O', 'O', 'O', 'O', 'O', 'B-IDIOM', 'I-IDIOM', 'I-IDIOM', 'I-IDIOM', 'I-IDIOM', 'O', 'O']","[0, 0, 0, 0, 0, 0, 0, 0, 0, 0, 0, 0, 0, 0, 0, 0, 0, 0, 1, 2, 2, 2, 2, 0, 0]",False
"Er warf sich – mir nichts, dir nichts – ins Kampfgetümmel.","['mir  nichts ,  dir  nichts']","['mir nichts, dir nichts']",True,"['Er ', 'warf ', 'sich ', '– ', 'mir ', 'nichts', ', ', 'dir ', 'nichts ', '– ', 'ins ', 'Kampfgetümmel', '.']","['O', 'O', 'O', 'O', 'B-IDIOM', 'I-IDIOM', 'I-IDIOM', 'I-IDIOM', 'I-IDIOM', 'O', 'O', 'O', 'O']","[0, 0, 0, 0, 1, 2, 2, 2, 2, 0, 0, 0, 0]",False
"Meine Befehle sind in den Wind gesprochen. Es ist unmöglich, unter diesen Umständen zu führen. Es ist aus. Der Krieg ist verloren.",['in den Wind gesprochen'],['in den Wind gesprochen'],True,"['Meine ', 'Befehle ', 'sind ', 'in ', 'den ', 'Wind ', 'gesprochen', '. ', 'Es ', 'ist ', 'unmöglich', ', ', 'unter ', 'diesen ', 'Umständen ', 'zu ', 'führen', '. ', 'Es ', 'ist ', 'aus', '. ', 'Der ', 'Krieg ', 'ist ', 'verloren', '.']","['O', 'O', 'O', 'B-IDIOM', 'I-IDIOM', 'I-IDIOM', 'I-IDIOM', 'O', 'O', 'O', 'O', 'O', 'O', 'O', 'O', 'O', 'O', 'O', 'O', 'O', 'O', 'O', 'O', 'O', 'O', 'O', 'O']","[0, 0, 0, 1, 2, 2, 2, 0, 0, 0, 0, 0, 0, 0, 0, 0, 0, 0, 0, 0, 0, 0, 0, 0, 0, 0, 0]",False
Jetzt mal Butter bei die Fische: Hast du's gemacht oder nicht?,['Butter bei die Fische'],['Butter bei die Fische'],True,"['Jetzt ', 'mal ', 'Butter ', 'bei ', 'die ', 'Fische', ': ', 'Hast ', 'du', ""'s "", 'gemacht ', 'oder ', 'nicht', '?']","['O', 'O', 'B-IDIOM', 'I-IDIOM', 'I-IDIOM', 'I-IDIOM', 'O', 'O', 'O', 'O', 'O', 'O', 'O', 'O']","[0, 0, 1, 2, 2, 2, 0, 0, 0, 0, 0, 0, 0, 0]",False
"Kommt, Jungs! Gebt mal bisschen Butter bei die Fische und wir gewinnen das Spiel!",['Butter bei die Fische'],['Butter bei die Fische'],True,"['Kommt', ', ', 'Jungs', '! ', 'Gebt ', 'mal ', 'bisschen ', 'Butter ', 'bei ', 'die ', 'Fische ', 'und ', 'wir ', 'gewinnen ', 'das ', 'Spiel', '!']","['O', 'O', 'O', 'O', 'O', 'O', 'O', 'B-IDIOM', 'I-IDIOM', 'I-IDIOM', 'I-IDIOM', 'O', 'O', 'O', 'O', 'O', 'O']","[0, 0, 0, 0, 0, 0, 0, 1, 2, 2, 2, 0, 0, 0, 0, 0, 0]",False
"Wo seid ihr überall gewesen? – Nürnberg, Würzburg, Bamberg, so die Ecke.",['die Ecke'],['die Ecke'],True,"['Wo ', 'seid ', 'ihr ', 'überall ', 'gewesen', '? ', '– ', 'Nürnberg', ', ', 'Würzburg', ', ', 'Bamberg', ', ', 'so ', 'die ', 'Ecke', '.']","['O', 'O', 'O', 'O', 'O', 'O', 'O', 'O', 'O', 'O', 'O', 'O', 'O', 'O', 'B-IDIOM', 'I-IDIOM', 'O']","[0, 0, 0, 0, 0, 0, 0, 0, 0, 0, 0, 0, 0, 0, 1, 2, 0]",False
Ich hab mir dein Geschrei jetzt zur Genüge angehört.,['zur  Genüge'],['zur Genüge'],True,"['Ich ', 'hab ', 'mir ', 'dein ', 'Geschrei ', 'jetzt ', 'zur ', 'Genüge ', 'angehört', '.']","['O', 'O', 'O', 'O', 'O', 'O', 'B-IDIOM', 'I-IDIOM', 'O', 'O']","[0, 0, 0, 0, 0, 0, 1, 2, 0, 0]",False
Wir haben sie am Tag vorher angerufen und da hat sie über Nacht ein Gedicht für Omas Geburtstag aus dem Ärmel geschüttelt.,['aus dem Ärmel geschüttelt'],['aus dem Ärmel geschüttelt'],True,"['Wir ', 'haben ', 'sie ', 'am ', 'Tag ', 'vorher ', 'angerufen ', 'und ', 'da ', 'hat ', 'sie ', 'über ', 'Nacht ', 'ein ', 'Gedicht ', 'für ', 'Omas ', 'Geburtstag ', 'aus ', 'dem ', 'Ärmel ', 'geschüttelt', '.']","['O', 'O', 'O', 'O', 'O', 'O', 'O', 'O', 'O', 'O', 'O', 'O', 'O', 'O', 'O', 'O', 'O', 'O', 'B-IDIOM', 'I-IDIOM', 'I-IDIOM', 'I-IDIOM', 'O']","[0, 0, 0, 0, 0, 0, 0, 0, 0, 0, 0, 0, 0, 0, 0, 0, 0, 0, 1, 2, 2, 2, 0]",False
"Sie trug wesentlich dazu bei, dass der zuvor beliebte König in Ungnade fiel.",['in Ungnade fiel'],['in Ungnade fiel'],True,"['Sie ', 'trug ', 'wesentlich ', 'dazu ', 'bei', ', ', 'dass ', 'der ', 'zuvor ', 'beliebte ', 'König ', 'in ', 'Ungnade ', 'fiel', '.']","['O', 'O', 'O', 'O', 'O', 'O', 'O', 'O', 'O', 'O', 'O', 'B-IDIOM', 'I-IDIOM', 'I-IDIOM', 'O']","[0, 0, 0, 0, 0, 0, 0, 0, 0, 0, 0, 1, 2, 2, 0]",False
Hat er noch was gesagt? — Nee. Er war kurz angebunden.,['kurz  angebunden'],['kurz angebunden'],True,"['Hat ', 'er ', 'noch ', 'was ', 'gesagt', '? ', '— ', 'Nee', '. ', 'Er ', 'war ', 'kurz ', 'angebunden', '.']","['O', 'O', 'O', 'O', 'O', 'O', 'O', 'O', 'O', 'O', 'O', 'B-IDIOM', 'I-IDIOM', 'O']","[0, 0, 0, 0, 0, 0, 0, 0, 0, 0, 0, 1, 2, 0]",False
Stein des Anstoßes sind die folgenden Zeilen: „Vater unser im Himmel/ Geheiligt werde die Lüge/ Mein Fleisch verkomme/ Mein Wille geschehe/ Und den Himmel gib uns auf Erden/ Und vergib uns unsere Gier/ Drum führe uns jetzt in Versuchung/ Und dann erlöse uns von all dem Bösen/ Ich geb euch Liebe/ Ich geb euch Hoffnung/ Doch nur zum Schein/ Denn die Massen woll’n betrogen sein.“,['Stein  des  Anstoßes'],['Stein des Anstoßes'],True,"['Stein ', 'des ', 'Anstoßes ', 'sind ', 'die ', 'folgenden ', 'Zeilen', ': ', '„', 'Vater ', 'unser ', 'im ', 'Himmel', '/ ', 'Geheiligt ', 'werde ', 'die ', 'Lüge', '/ ', 'Mein ', 'Fleisch ', 'verkomme', '/ ', 'Mein ', 'Wille ', 'geschehe', '/ ', 'Und ', 'den ', 'Himmel ', 'gib ', 'uns ', 'auf ', 'Erden', '/ ', 'Und ', 'vergib ', 'uns ', 'unsere ', 'Gier', '/ ', 'Drum ', 'führe ', 'uns ', 'jetzt ', 'in ', 'Versuchung', '/ ', 'Und ', 'dann ', 'erlöse ', 'uns ', 'von ', 'all ', 'dem ', 'Bösen', '/ ', 'Ich ', 'geb ', 'euch ', 'Liebe', '/ ', 'Ich ', 'geb ', 'euch ', 'Hoffnung', '/ ', 'Doch ', 'nur ', 'zum ', 'Schein', '/ ', 'Denn ', 'die ', 'Massen ', 'woll', '’n ', 'betrogen ', 'sein', '.', '“']","['B-IDIOM', 'I-IDIOM', 'I-IDIOM', 'O', 'O', 'O', 'O', 'O', 'O', 'O', 'O', 'O', 'O', 'O', 'O', 'O', 'O', 'O', 'O', 'O', 'O', 'O', 'O', 'O', 'O', 'O', 'O', 'O', 'O', 'O', 'O', 'O', 'O', 'O', 'O', 'O', 'O', 'O', 'O', 'O', 'O', 'O', 'O', 'O', 'O', 'O', 'O', 'O', 'O', 'O', 'O', 'O', 'O', 'O', 'O', 'O', 'O', 'O', 'O', 'O', 'O', 'O', 'O', 'O', 'O', 'O', 'O', 'O', 'O', 'O', 'O', 'O', 'O', 'O', 'O', 'O', 'O', 'O', 'O', 'O', 'O']","[1, 2, 2, 0, 0, 0, 0, 0, 0, 0, 0, 0, 0, 0, 0, 0, 0, 0, 0, 0, 0, 0, 0, 0, 0, 0, 0, 0, 0, 0, 0, 0, 0, 0, 0, 0, 0, 0, 0, 0, 0, 0, 0, 0, 0, 0, 0, 0, 0, 0, 0, 0, 0, 0, 0, 0, 0, 0, 0, 0, 0, 0, 0, 0, 0, 0, 0, 0, 0, 0, 0, 0, 0, 0, 0, 0, 0, 0, 0, 0, 0]",False
"Zumindest die Vorbehalte gegenüber den Ultraorthodoxen scheinen die Kibbuzniks mit der weiteren Gesellschaft zu teilen. Besonders die Unterstützungsleistungen, die jene beziehen, bildeten an den Protesten in Tel Aviv einen zusätzlichen Stein des Anstoßes.",['Stein  des  Anstoßes'],['Stein des Anstoßes'],True,"['Zumindest ', 'die ', 'Vorbehalte ', 'gegenüber ', 'den ', 'Ultraorthodoxen ', 'scheinen ', 'die ', 'Kibbuzniks ', 'mit ', 'der ', 'weiteren ', 'Gesellschaft ', 'zu ', 'teilen', '. ', 'Besonders ', 'die ', 'Unterstützungsleistungen', ', ', 'die ', 'jene ', 'beziehen', ', ', 'bildeten ', 'an ', 'den ', 'Protesten ', 'in ', 'Tel ', 'Aviv ', 'einen ', 'zusätzlichen ', 'Stein ', 'des ', 'Anstoßes', '.']","['O', 'O', 'O', 'O', 'O', 'O', 'O', 'O', 'O', 'O', 'O', 'O', 'O', 'O', 'O', 'O', 'O', 'O', 'O', 'O', 'O', 'O', 'O', 'O', 'O', 'O', 'O', 'O', 'O', 'O', 'O', 'O', 'O', 'B-IDIOM', 'I-IDIOM', 'I-IDIOM', 'O']","[0, 0, 0, 0, 0, 0, 0, 0, 0, 0, 0, 0, 0, 0, 0, 0, 0, 0, 0, 0, 0, 0, 0, 0, 0, 0, 0, 0, 0, 0, 0, 0, 0, 1, 2, 2, 0]",False
"Da hat der Kanzlerkandidat Gerhard Schröder beim Barte des Propheten geschworen, die Renten nicht zu kürzen.",['beim Barte des Propheten'],['beim Barte des Propheten'],True,"['Da ', 'hat ', 'der ', 'Kanzlerkandidat ', 'Gerhard ', 'Schröder ', 'beim ', 'Barte ', 'des ', 'Propheten ', 'geschworen', ', ', 'die ', 'Renten ', 'nicht ', 'zu ', 'kürzen', '.']","['O', 'O', 'O', 'O', 'O', 'O', 'B-IDIOM', 'I-IDIOM', 'I-IDIOM', 'I-IDIOM', 'O', 'O', 'O', 'O', 'O', 'O', 'O', 'O']","[0, 0, 0, 0, 0, 0, 1, 2, 2, 2, 0, 0, 0, 0, 0, 0, 0, 0]",False
"Das muss, beim Barte des Propheten, ganz wundervoll sein!",['beim Barte des Propheten'],['beim Barte des Propheten'],True,"['Das ', 'muss', ', ', 'beim ', 'Barte ', 'des ', 'Propheten', ', ', 'ganz ', 'wundervoll ', 'sein', '!']","['O', 'O', 'O', 'B-IDIOM', 'I-IDIOM', 'I-IDIOM', 'I-IDIOM', 'O', 'O', 'O', 'O', 'O']","[0, 0, 0, 1, 2, 2, 2, 0, 0, 0, 0, 0]",False
"Doch wenn, beim Barte des Propheten, die eben noch dem Untergang geweihte Firma nach zwei Monaten am gleichen Ort unter anderem Namen neu ersteht wie Phönix aus dem Wüstensand und ihre ornamentreichen Knotenwunder jetzt zu noch unglaublicheren Hammerpreisen annonciert, dann kann auch der treueste Anhänger orientalischer Märchenerzähler ins Grübeln kommen.",['beim Barte des Propheten'],['beim Barte des Propheten'],True,"['Doch ', 'wenn', ', ', 'beim ', 'Barte ', 'des ', 'Propheten', ', ', 'die ', 'eben ', 'noch ', 'dem ', 'Untergang ', 'geweihte ', 'Firma ', 'nach ', 'zwei ', 'Monaten ', 'am ', 'gleichen ', 'Ort ', 'unter ', 'anderem ', 'Namen ', 'neu ', 'ersteht ', 'wie ', 'Phönix ', 'aus ', 'dem ', 'Wüstensand ', 'und ', 'ihre ', 'ornamentreichen ', 'Knotenwunder ', 'jetzt ', 'zu ', 'noch ', 'unglaublicheren ', 'Hammerpreisen ', 'annonciert', ', ', 'dann ', 'kann ', 'auch ', 'der ', 'treueste ', 'Anhänger ', 'orientalischer ', 'Märchenerzähler ', 'ins ', 'Grübeln ', 'kommen', '.']","['O', 'O', 'O', 'B-IDIOM', 'I-IDIOM', 'I-IDIOM', 'I-IDIOM', 'O', 'O', 'O', 'O', 'O', 'O', 'O', 'O', 'O', 'O', 'O', 'O', 'O', 'O', 'O', 'O', 'O', 'O', 'O', 'O', 'O', 'O', 'O', 'O', 'O', 'O', 'O', 'O', 'O', 'O', 'O', 'O', 'O', 'O', 'O', 'O', 'O', 'O', 'O', 'O', 'O', 'O', 'O', 'O', 'O', 'O', 'O']","[0, 0, 0, 1, 2, 2, 2, 0, 0, 0, 0, 0, 0, 0, 0, 0, 0, 0, 0, 0, 0, 0, 0, 0, 0, 0, 0, 0, 0, 0, 0, 0, 0, 0, 0, 0, 0, 0, 0, 0, 0, 0, 0, 0, 0, 0, 0, 0, 0, 0, 0, 0, 0, 0]",False
"Der damalige Bundeskanzler hatte dem Unternehmen Bürgschaften und Darlehen in Höhe von 128 Millionen Euro zugesagt, nachdem es Milliarden in den Sand gesetzt hatte",['in den Sand gesetzt'],['in den Sand gesetzt'],True,"['Der ', 'damalige ', 'Bundeskanzler ', 'hatte ', 'dem ', 'Unternehmen ', 'Bürgschaften ', 'und ', 'Darlehen ', 'in ', 'Höhe ', 'von ', '128 ', 'Millionen ', 'Euro ', 'zugesagt', ', ', 'nachdem ', 'es ', 'Milliarden ', 'in ', 'den ', 'Sand ', 'gesetzt ', 'hatte']","['O', 'O', 'O', 'O', 'O', 'O', 'O', 'O', 'O', 'O', 'O', 'O', 'O', 'O', 'O', 'O', 'O', 'O', 'O', 'O', 'B-IDIOM', 'I-IDIOM', 'I-IDIOM', 'I-IDIOM', 'O']","[0, 0, 0, 0, 0, 0, 0, 0, 0, 0, 0, 0, 0, 0, 0, 0, 0, 0, 0, 0, 1, 2, 2, 2, 0]",False
"Die Niederlage unseres Konkurrenten muss uns erst recht anspornen, heute Abend Bestleistung zu bringen.",['erst recht'],['erst recht'],True,"['Die ', 'Niederlage ', 'unseres ', 'Konkurrenten ', 'muss ', 'uns ', 'erst ', 'recht ', 'anspornen', ', ', 'heute ', 'Abend ', 'Bestleistung ', 'zu ', 'bringen', '.']","['O', 'O', 'O', 'O', 'O', 'O', 'B-IDIOM', 'I-IDIOM', 'O', 'O', 'O', 'O', 'O', 'O', 'O', 'O']","[0, 0, 0, 0, 0, 0, 1, 2, 0, 0, 0, 0, 0, 0, 0, 0]",False
"Wir wurden eingeschüchtert, damit wir den Streik absagen, aber jetzt streiken wir erst recht.",['erst recht'],['erst recht'],True,"['Wir ', 'wurden ', 'eingeschüchtert', ', ', 'damit ', 'wir ', 'den ', 'Streik ', 'absagen', ', ', 'aber ', 'jetzt ', 'streiken ', 'wir ', 'erst ', 'recht', '.']","['O', 'O', 'O', 'O', 'O', 'O', 'O', 'O', 'O', 'O', 'O', 'O', 'O', 'O', 'B-IDIOM', 'I-IDIOM', 'O']","[0, 0, 0, 0, 0, 0, 0, 0, 0, 0, 0, 0, 0, 0, 1, 2, 0]",False
"Ich war völlig durch den Wind, als ich sie das erste Mal gesehen hab.",['durch den Wind'],['durch den Wind'],True,"['Ich ', 'war ', 'völlig ', 'durch ', 'den ', 'Wind', ', ', 'als ', 'ich ', 'sie ', 'das ', 'erste ', 'Mal ', 'gesehen ', 'hab', '.']","['O', 'O', 'O', 'B-IDIOM', 'I-IDIOM', 'I-IDIOM', 'O', 'O', 'O', 'O', 'O', 'O', 'O', 'O', 'O', 'O']","[0, 0, 0, 1, 2, 2, 0, 0, 0, 0, 0, 0, 0, 0, 0, 0]",False
"Lass mich erst mal überlegen, ich bin noch etwas durch den Wind.",['durch den Wind'],['durch den Wind'],True,"['Lass ', 'mich ', 'erst ', 'mal ', 'überlegen', ', ', 'ich ', 'bin ', 'noch ', 'etwas ', 'durch ', 'den ', 'Wind', '.']","['O', 'O', 'O', 'O', 'O', 'O', 'O', 'O', 'O', 'O', 'B-IDIOM', 'I-IDIOM', 'I-IDIOM', 'O']","[0, 0, 0, 0, 0, 0, 0, 0, 0, 0, 1, 2, 2, 0]",False
"Haste kein’n Arsch in der Hose, oder was?",['Arsch in der Hose'],['Arsch in der Hose'],True,"['Haste ', 'kein', '’n ', 'Arsch ', 'in ', 'der ', 'Hose', ', ', 'oder ', 'was', '?']","['O', 'O', 'O', 'B-IDIOM', 'I-IDIOM', 'I-IDIOM', 'I-IDIOM', 'O', 'O', 'O', 'O']","[0, 0, 0, 1, 2, 2, 2, 0, 0, 0, 0]",False
Glaubst du an die große Liebe?,['große Liebe'],['große Liebe'],True,"['Glaubst ', 'du ', 'an ', 'die ', 'große ', 'Liebe', '?']","['O', 'O', 'O', 'O', 'B-IDIOM', 'I-IDIOM', 'O']","[0, 0, 0, 0, 1, 2, 0]",False
Die Musik ist meine große Liebe.,['große Liebe'],['große Liebe'],True,"['Die ', 'Musik ', 'ist ', 'meine ', 'große ', 'Liebe', '.']","['O', 'O', 'O', 'O', 'B-IDIOM', 'I-IDIOM', 'O']","[0, 0, 0, 0, 1, 2, 0]",False
"Um als deutscher Beamter entlassen zu werden, muss man schon silberne Löffel klauen.",['silberne  Löffel  klauen'],['silberne Löffel klauen'],True,"['Um ', 'als ', 'deutscher ', 'Beamter ', 'entlassen ', 'zu ', 'werden', ', ', 'muss ', 'man ', 'schon ', 'silberne ', 'Löffel ', 'klauen', '.']","['O', 'O', 'O', 'O', 'O', 'O', 'O', 'O', 'O', 'O', 'O', 'B-IDIOM', 'I-IDIOM', 'I-IDIOM', 'O']","[0, 0, 0, 0, 0, 0, 0, 0, 0, 0, 0, 1, 2, 2, 0]",False
"Gerade bei Menschen, die viel Wert auf ihren Titel legen, kann man hier leicht ins Fettnäpfchen treten.",['ins Fettnäpfchen treten'],['ins Fettnäpfchen treten'],True,"['Gerade ', 'bei ', 'Menschen', ', ', 'die ', 'viel ', 'Wert ', 'auf ', 'ihren ', 'Titel ', 'legen', ', ', 'kann ', 'man ', 'hier ', 'leicht ', 'ins ', 'Fettnäpfchen ', 'treten', '.']","['O', 'O', 'O', 'O', 'O', 'O', 'O', 'O', 'O', 'O', 'O', 'O', 'O', 'O', 'O', 'O', 'B-IDIOM', 'I-IDIOM', 'I-IDIOM', 'O']","[0, 0, 0, 0, 0, 0, 0, 0, 0, 0, 0, 0, 0, 0, 0, 0, 1, 2, 2, 0]",False
"Gleich nach der Begrüßung – sich in das Fauteuil zu setzen, wozu ihm K. einlud, hatte er keine Zeit – bat er K. um ein kurzes Gespräch unter vier Augen.",['unter  vier  Augen'],['unter vier Augen'],True,"['Gleich ', 'nach ', 'der ', 'Begrüßung ', '– ', 'sich ', 'in ', 'das ', 'Fauteuil ', 'zu ', 'setzen', ', ', 'wozu ', 'ihm ', 'K. ', 'einlud', ', ', 'hatte ', 'er ', 'keine ', 'Zeit ', '– ', 'bat ', 'er ', 'K. ', 'um ', 'ein ', 'kurzes ', 'Gespräch ', 'unter ', 'vier ', 'Augen', '.']","['O', 'O', 'O', 'O', 'O', 'O', 'O', 'O', 'O', 'O', 'O', 'O', 'O', 'O', 'O', 'O', 'O', 'O', 'O', 'O', 'O', 'O', 'O', 'O', 'O', 'O', 'O', 'O', 'O', 'B-IDIOM', 'I-IDIOM', 'I-IDIOM', 'O']","[0, 0, 0, 0, 0, 0, 0, 0, 0, 0, 0, 0, 0, 0, 0, 0, 0, 0, 0, 0, 0, 0, 0, 0, 0, 0, 0, 0, 0, 1, 2, 2, 0]",False
Sie wohnen ohne Trauschein zusammen.,['ohne  Trauschein'],[],False,"['Sie ', 'wohnen ', 'ohne ', 'Trauschein ', 'zusammen', '.']","['O', 'O', 'O', 'O', 'O', 'O']","[0, 0, 0, 0, 0, 0]",True
"Wir sollten das nicht zwischen Tür und Angel besprechen. Kommen Sie doch morgen früh noch mal in mein Büro, ja?",['zwischen  Tür  und  Angel'],['zwischen Tür und Angel'],True,"['Wir ', 'sollten ', 'das ', 'nicht ', 'zwischen ', 'Tür ', 'und ', 'Angel ', 'besprechen', '. ', 'Kommen ', 'Sie ', 'doch ', 'morgen ', 'früh ', 'noch ', 'mal ', 'in ', 'mein ', 'Büro', ', ', 'ja', '?']","['O', 'O', 'O', 'O', 'B-IDIOM', 'I-IDIOM', 'I-IDIOM', 'I-IDIOM', 'O', 'O', 'O', 'O', 'O', 'O', 'O', 'O', 'O', 'O', 'O', 'O', 'O', 'O', 'O']","[0, 0, 0, 0, 1, 2, 2, 2, 0, 0, 0, 0, 0, 0, 0, 0, 0, 0, 0, 0, 0, 0, 0]",False
Er schenkte ihr ein offenes Ohr.,['offenes  Ohr'],['offenes Ohr'],True,"['Er ', 'schenkte ', 'ihr ', 'ein ', 'offenes ', 'Ohr', '.']","['O', 'O', 'O', 'O', 'B-IDIOM', 'I-IDIOM', 'O']","[0, 0, 0, 0, 1, 2, 0]",False
Die Politiker kannste alle in einen Sack stecken und draufhauen – da triffste immer den Richtigen.,['in einen Sack stecken und draufhauen'],['in einen Sack stecken und draufhauen'],True,"['Die ', 'Politiker ', 'kannste ', 'alle ', 'in ', 'einen ', 'Sack ', 'stecken ', 'und ', 'draufhauen ', '– ', 'da ', 'triffste ', 'immer ', 'den ', 'Richtigen', '.']","['O', 'O', 'O', 'O', 'B-IDIOM', 'I-IDIOM', 'I-IDIOM', 'I-IDIOM', 'I-IDIOM', 'I-IDIOM', 'O', 'O', 'O', 'O', 'O', 'O', 'O']","[0, 0, 0, 0, 1, 2, 2, 2, 2, 2, 0, 0, 0, 0, 0, 0, 0]",False
Alle Verwaltungen der USA schienen gleichzeitig am Ende der Fahnenstange angelangt. Die Staaten kämpften mit Defiziten in Milliardenhöhe.,['Ende der Fahnenstange'],['Ende der Fahnenstange'],True,"['Alle ', 'Verwaltungen ', 'der ', 'USA ', 'schienen ', 'gleichzeitig ', 'am ', 'Ende ', 'der ', 'Fahnenstange ', 'angelangt', '. ', 'Die ', 'Staaten ', 'kämpften ', 'mit ', 'Defiziten ', 'in ', 'Milliardenhöhe', '.']","['O', 'O', 'O', 'O', 'O', 'O', 'O', 'B-IDIOM', 'I-IDIOM', 'I-IDIOM', 'O', 'O', 'O', 'O', 'O', 'O', 'O', 'O', 'O', 'O']","[0, 0, 0, 0, 0, 0, 0, 1, 2, 2, 0, 0, 0, 0, 0, 0, 0, 0, 0, 0]",False
Vorbereitung ist die halbe Miete.,['halbe Miete'],['halbe Miete'],True,"['Vorbereitung ', 'ist ', 'die ', 'halbe ', 'Miete', '.']","['O', 'O', 'O', 'B-IDIOM', 'I-IDIOM', 'O']","[0, 0, 0, 1, 2, 0]",True
Gegenseitiges Verstehen ist die halbe Miete! Zum Thema Verständigung mit deinem Welpen und somit auch mit deinem später erwachsenen Hund ist noch einiges zu sagen.,['halbe Miete'],['halbe Miete'],True,"['Gegenseitiges ', 'Verstehen ', 'ist ', 'die ', 'halbe ', 'Miete', '! ', 'Zum ', 'Thema ', 'Verständigung ', 'mit ', 'deinem ', 'Welpen ', 'und ', 'somit ', 'auch ', 'mit ', 'deinem ', 'später ', 'erwachsenen ', 'Hund ', 'ist ', 'noch ', 'einiges ', 'zu ', 'sagen', '.']","['O', 'O', 'O', 'O', 'B-IDIOM', 'I-IDIOM', 'O', 'O', 'O', 'O', 'O', 'O', 'O', 'O', 'O', 'O', 'O', 'O', 'O', 'O', 'O', 'O', 'O', 'O', 'O', 'O', 'O']","[0, 0, 0, 0, 1, 2, 0, 0, 0, 0, 0, 0, 0, 0, 0, 0, 0, 0, 0, 0, 0, 0, 0, 0, 0, 0, 0]",False
"Ich lerne vor Klausuren und Tests, ansonsten bin ich der Meinung: Wenn ich in der Schule gut aufpasse, ist das schon mal die halbe Miete.",['halbe Miete'],['halbe Miete'],True,"['Ich ', 'lerne ', 'vor ', 'Klausuren ', 'und ', 'Tests', ', ', 'ansonsten ', 'bin ', 'ich ', 'der ', 'Meinung', ': ', 'Wenn ', 'ich ', 'in ', 'der ', 'Schule ', 'gut ', 'aufpasse', ', ', 'ist ', 'das ', 'schon ', 'mal ', 'die ', 'halbe ', 'Miete', '.']","['O', 'O', 'O', 'O', 'O', 'O', 'O', 'O', 'O', 'O', 'O', 'O', 'O', 'O', 'O', 'O', 'O', 'O', 'O', 'O', 'O', 'O', 'O', 'O', 'O', 'O', 'B-IDIOM', 'I-IDIOM', 'O']","[0, 0, 0, 0, 0, 0, 0, 0, 0, 0, 0, 0, 0, 0, 0, 0, 0, 0, 0, 0, 0, 0, 0, 0, 0, 0, 1, 2, 0]",True
"Eine unverwechselbare Position, bei der die CDU Flagge zeigen musste, war das Recht auf Leben. Hier galt es, eindeutig Stellung zu beziehen, ungeachtet dessen, wie die Entscheidung der Mehrheit in unserem Lande ausfiel.",['Flagge zeigen'],['Flagge zeigen'],True,"['Eine ', 'unverwechselbare ', 'Position', ', ', 'bei ', 'der ', 'die ', 'CDU ', 'Flagge ', 'zeigen ', 'musste', ', ', 'war ', 'das ', 'Recht ', 'auf ', 'Leben', '. ', 'Hier ', 'galt ', 'es', ', ', 'eindeutig ', 'Stellung ', 'zu ', 'beziehen', ', ', 'ungeachtet ', 'dessen', ', ', 'wie ', 'die ', 'Entscheidung ', 'der ', 'Mehrheit ', 'in ', 'unserem ', 'Lande ', 'ausfiel', '.']","['O', 'O', 'O', 'O', 'O', 'O', 'O', 'O', 'B-IDIOM', 'I-IDIOM', 'O', 'O', 'O', 'O', 'O', 'O', 'O', 'O', 'O', 'O', 'O', 'O', 'O', 'O', 'O', 'O', 'O', 'O', 'O', 'O', 'O', 'O', 'O', 'O', 'O', 'O', 'O', 'O', 'O', 'O']","[0, 0, 0, 0, 0, 0, 0, 0, 1, 2, 0, 0, 0, 0, 0, 0, 0, 0, 0, 0, 0, 0, 0, 0, 0, 0, 0, 0, 0, 0, 0, 0, 0, 0, 0, 0, 0, 0, 0, 0]",False
Ohne Beute mussten die Täter Fersengeld geben.,['Fersengeld geben'],['Fersengeld geben'],True,"['Ohne ', 'Beute ', 'mussten ', 'die ', 'Täter ', 'Fersengeld ', 'geben', '.']","['O', 'O', 'O', 'O', 'O', 'B-IDIOM', 'I-IDIOM', 'O']","[0, 0, 0, 0, 0, 1, 2, 0]",False
Das war eine ganz harmlose Bemerkung. Daraus kann dir niemand einen Strick drehen.,['einen Strick drehen'],['einen Strick drehen'],True,"['Das ', 'war ', 'eine ', 'ganz ', 'harmlose ', 'Bemerkung', '. ', 'Daraus ', 'kann ', 'dir ', 'niemand ', 'einen ', 'Strick ', 'drehen', '.']","['O', 'O', 'O', 'O', 'O', 'O', 'O', 'O', 'O', 'O', 'O', 'B-IDIOM', 'I-IDIOM', 'I-IDIOM', 'O']","[0, 0, 0, 0, 0, 0, 0, 0, 0, 0, 0, 1, 2, 2, 0]",True
Wir haben gequatscht bis in die Puppen / Und vorher gingen wir sinnlos Shoppen,['bis in die Puppen'],['bis in die Puppen'],True,"['Wir ', 'haben ', 'gequatscht ', 'bis ', 'in ', 'die ', 'Puppen ', '/ ', 'Und ', 'vorher ', 'gingen ', 'wir ', 'sinnlos ', 'Shoppen']","['O', 'O', 'O', 'B-IDIOM', 'I-IDIOM', 'I-IDIOM', 'I-IDIOM', 'O', 'O', 'O', 'O', 'O', 'O', 'O']","[0, 0, 0, 1, 2, 2, 2, 0, 0, 0, 0, 0, 0, 0]",False
Die provokante Werbekampagne ist ordentlich ins Auge gegangen.,['ins Auge gegangen'],['ins Auge gegangen'],True,"['Die ', 'provokante ', 'Werbekampagne ', 'ist ', 'ordentlich ', 'ins ', 'Auge ', 'gegangen', '.']","['O', 'O', 'O', 'O', 'O', 'B-IDIOM', 'I-IDIOM', 'I-IDIOM', 'O']","[0, 0, 0, 0, 0, 1, 2, 2, 0]",False
"Völlig ausgeschlossen, daß dieser Mann fünfundzwanzig Jahre nicht Schach gespielt haben soll! Er hat doch jeden Zug, jede Gegenpointe auf fünf, auf sechs Züge vorausberechnet. So etwas kann niemand aus dem Handgelenk. Das ist doch völlig ausgeschlossen – nicht wahr?",['aus dem Handgelenk'],['aus dem Handgelenk'],True,"['Völlig ', 'ausgeschlossen', ', ', 'daß ', 'dieser ', 'Mann ', 'fünfundzwanzig ', 'Jahre ', 'nicht ', 'Schach ', 'gespielt ', 'haben ', 'soll', '! ', 'Er ', 'hat ', 'doch ', 'jeden ', 'Zug', ', ', 'jede ', 'Gegenpointe ', 'auf ', 'fünf', ', ', 'auf ', 'sechs ', 'Züge ', 'vorausberechnet', '. ', 'So ', 'etwas ', 'kann ', 'niemand ', 'aus ', 'dem ', 'Handgelenk', '. ', 'Das ', 'ist ', 'doch ', 'völlig ', 'ausgeschlossen ', '– ', 'nicht ', 'wahr', '?']","['O', 'O', 'O', 'O', 'O', 'O', 'O', 'O', 'O', 'O', 'O', 'O', 'O', 'O', 'O', 'O', 'O', 'O', 'O', 'O', 'O', 'O', 'O', 'O', 'O', 'O', 'O', 'O', 'O', 'O', 'O', 'O', 'O', 'O', 'B-IDIOM', 'I-IDIOM', 'I-IDIOM', 'O', 'O', 'O', 'O', 'O', 'O', 'O', 'O', 'O', 'O']","[0, 0, 0, 0, 0, 0, 0, 0, 0, 0, 0, 0, 0, 0, 0, 0, 0, 0, 0, 0, 0, 0, 0, 0, 0, 0, 0, 0, 0, 0, 0, 0, 0, 0, 1, 2, 2, 0, 0, 0, 0, 0, 0, 0, 0, 0, 0]",False
"In dem Augenblick verschwand das Schloß, und sie saßen wieder in der alten Hütte. „Nun hast dus,“ sagte der Mann, „jetzt können wir wieder am Hungertuch nagen.“ „Ach,“ sprach die Frau, „ich will den Reichthum lieber nicht, wenn ich nicht weiß von wem er kommt, sonst habe ich doch keine Ruhe.“",['am Hungertuch nagen'],['am Hungertuch nagen'],True,"['In ', 'dem ', 'Augenblick ', 'verschwand ', 'das ', 'Schloß', ', ', 'und ', 'sie ', 'saßen ', 'wieder ', 'in ', 'der ', 'alten ', 'Hütte', '. ', '„', 'Nun ', 'hast ', 'dus', ',', '“ ', 'sagte ', 'der ', 'Mann', ', ', '„', 'jetzt ', 'können ', 'wir ', 'wieder ', 'am ', 'Hungertuch ', 'nagen', '.', '“ ', '„', 'Ach', ',', '“ ', 'sprach ', 'die ', 'Frau', ', ', '„', 'ich ', 'will ', 'den ', 'Reichthum ', 'lieber ', 'nicht', ', ', 'wenn ', 'ich ', 'nicht ', 'weiß ', 'von ', 'wem ', 'er ', 'kommt', ', ', 'sonst ', 'habe ', 'ich ', 'doch ', 'keine ', 'Ruhe', '.', '“']","['O', 'O', 'O', 'O', 'O', 'O', 'O', 'O', 'O', 'O', 'O', 'O', 'O', 'O', 'O', 'O', 'O', 'O', 'O', 'O', 'O', 'O', 'O', 'O', 'O', 'O', 'O', 'O', 'O', 'O', 'O', 'B-IDIOM', 'I-IDIOM', 'I-IDIOM', 'O', 'O', 'O', 'O', 'O', 'O', 'O', 'O', 'O', 'O', 'O', 'O', 'O', 'O', 'O', 'O', 'O', 'O', 'O', 'O', 'O', 'O', 'O', 'O', 'O', 'O', 'O', 'O', 'O', 'O', 'O', 'O', 'O', 'O', 'O']","[0, 0, 0, 0, 0, 0, 0, 0, 0, 0, 0, 0, 0, 0, 0, 0, 0, 0, 0, 0, 0, 0, 0, 0, 0, 0, 0, 0, 0, 0, 0, 1, 2, 2, 0, 0, 0, 0, 0, 0, 0, 0, 0, 0, 0, 0, 0, 0, 0, 0, 0, 0, 0, 0, 0, 0, 0, 0, 0, 0, 0, 0, 0, 0, 0, 0, 0, 0, 0]",False
"Aber auch andere Mütter haben schöne Töchter, die sich Honda, Toyota, Souza Cruz, Bandeirante, UOL, GM, Ford, Esso, Fiat, TIM und Pirelli nennen, um nur einige der nichtdeutschen ausländischen Firmen unter den 500 Größten aufzuführen.",['auch andere Mütter haben schöne Töchter'],['auch andere Mütter haben schöne Töchter'],True,"['Aber ', 'auch ', 'andere ', 'Mütter ', 'haben ', 'schöne ', 'Töchter', ', ', 'die ', 'sich ', 'Honda', ', ', 'Toyota', ', ', 'Souza ', 'Cruz', ', ', 'Bandeirante', ', ', 'UOL', ', ', 'GM', ', ', 'Ford', ', ', 'Esso', ', ', 'Fiat', ', ', 'TIM ', 'und ', 'Pirelli ', 'nennen', ', ', 'um ', 'nur ', 'einige ', 'der ', 'nichtdeutschen ', 'ausländischen ', 'Firmen ', 'unter ', 'den ', '500 ', 'Größten ', 'aufzuführen', '.']","['O', 'B-IDIOM', 'I-IDIOM', 'I-IDIOM', 'I-IDIOM', 'I-IDIOM', 'I-IDIOM', 'O', 'O', 'O', 'O', 'O', 'O', 'O', 'O', 'O', 'O', 'O', 'O', 'O', 'O', 'O', 'O', 'O', 'O', 'O', 'O', 'O', 'O', 'O', 'O', 'O', 'O', 'O', 'O', 'O', 'O', 'O', 'O', 'O', 'O', 'O', 'O', 'O', 'O', 'O', 'O']","[0, 1, 2, 2, 2, 2, 2, 0, 0, 0, 0, 0, 0, 0, 0, 0, 0, 0, 0, 0, 0, 0, 0, 0, 0, 0, 0, 0, 0, 0, 0, 0, 0, 0, 0, 0, 0, 0, 0, 0, 0, 0, 0, 0, 0, 0, 0]",False
"Wenn du dich verzählst, musst du von vorn anfangen.",['von  vorn'],['von vorn'],True,"['Wenn ', 'du ', 'dich ', 'verzählst', ', ', 'musst ', 'du ', 'von ', 'vorn ', 'anfangen', '.']","['O', 'O', 'O', 'O', 'O', 'O', 'O', 'B-IDIOM', 'I-IDIOM', 'O', 'O']","[0, 0, 0, 0, 0, 0, 0, 1, 2, 0, 0]",False
"Nur der Dirigent hatte einen Namen, der mit dem der Stadt zusammenging, und Staat machten beide Namen.",['Staat  machten'],['Staat machten'],True,"['Nur ', 'der ', 'Dirigent ', 'hatte ', 'einen ', 'Namen', ', ', 'der ', 'mit ', 'dem ', 'der ', 'Stadt ', 'zusammenging', ', ', 'und ', 'Staat ', 'machten ', 'beide ', 'Namen', '.']","['O', 'O', 'O', 'O', 'O', 'O', 'O', 'O', 'O', 'O', 'O', 'O', 'O', 'O', 'O', 'B-IDIOM', 'I-IDIOM', 'O', 'O', 'O']","[0, 0, 0, 0, 0, 0, 0, 0, 0, 0, 0, 0, 0, 0, 0, 1, 2, 0, 0, 0]",False
Mit uns kannst du wirklich keinen Staat machen.,['Staat  machen'],['Staat machen'],True,"['Mit ', 'uns ', 'kannst ', 'du ', 'wirklich ', 'keinen ', 'Staat ', 'machen', '.']","['O', 'O', 'O', 'O', 'O', 'O', 'B-IDIOM', 'I-IDIOM', 'O']","[0, 0, 0, 0, 0, 0, 1, 2, 0]",False
"Ich habe eine mündliche Zusage, aber ich will noch nichts sagen, bis alles in trockenen Tüchern ist.",['in trockenen Tüchern'],['in trockenen Tüchern'],True,"['Ich ', 'habe ', 'eine ', 'mündliche ', 'Zusage', ', ', 'aber ', 'ich ', 'will ', 'noch ', 'nichts ', 'sagen', ', ', 'bis ', 'alles ', 'in ', 'trockenen ', 'Tüchern ', 'ist', '.']","['O', 'O', 'O', 'O', 'O', 'O', 'O', 'O', 'O', 'O', 'O', 'O', 'O', 'O', 'O', 'B-IDIOM', 'I-IDIOM', 'I-IDIOM', 'O', 'O']","[0, 0, 0, 0, 0, 0, 0, 0, 0, 0, 0, 0, 0, 0, 0, 1, 2, 2, 0, 0]",False
"Das Wasserwirtschaftsamt kann auch zum Zuge kommen. Es dauert ziemlich lange, bis das Unternehmen in trockenen Tüchern ist.",['in trockenen Tüchern'],['in trockenen Tüchern'],True,"['Das ', 'Wasserwirtschaftsamt ', 'kann ', 'auch ', 'zum ', 'Zuge ', 'kommen', '. ', 'Es ', 'dauert ', 'ziemlich ', 'lange', ', ', 'bis ', 'das ', 'Unternehmen ', 'in ', 'trockenen ', 'Tüchern ', 'ist', '.']","['O', 'O', 'O', 'O', 'O', 'O', 'O', 'O', 'O', 'O', 'O', 'O', 'O', 'O', 'O', 'O', 'B-IDIOM', 'I-IDIOM', 'I-IDIOM', 'O', 'O']","[0, 0, 0, 0, 0, 0, 0, 0, 0, 0, 0, 0, 0, 0, 0, 0, 1, 2, 2, 0, 0]",False
"Immer mit der Ruhe, alter Knabe, schön die Ruhe bewahren, ermahnte ich mich, während ich vom Roller stieg und ihn unangekettet vor dem Hôtel du Palais stehen ließ. Die Sache war noch nicht in trockenen Tüchern.",['in trockenen Tüchern'],['in trockenen Tüchern'],True,"['Immer ', 'mit ', 'der ', 'Ruhe', ', ', 'alter ', 'Knabe', ', ', 'schön ', 'die ', 'Ruhe ', 'bewahren', ', ', 'ermahnte ', 'ich ', 'mich', ', ', 'während ', 'ich ', 'vom ', 'Roller ', 'stieg ', 'und ', 'ihn ', 'unangekettet ', 'vor ', 'dem ', 'Hôtel ', 'du ', 'Palais ', 'stehen ', 'ließ', '. ', 'Die ', 'Sache ', 'war ', 'noch ', 'nicht ', 'in ', 'trockenen ', 'Tüchern', '.']","['O', 'O', 'O', 'O', 'O', 'O', 'O', 'O', 'O', 'O', 'O', 'O', 'O', 'O', 'O', 'O', 'O', 'O', 'O', 'O', 'O', 'O', 'O', 'O', 'O', 'O', 'O', 'O', 'O', 'O', 'O', 'O', 'O', 'O', 'O', 'O', 'O', 'O', 'B-IDIOM', 'I-IDIOM', 'I-IDIOM', 'O']","[0, 0, 0, 0, 0, 0, 0, 0, 0, 0, 0, 0, 0, 0, 0, 0, 0, 0, 0, 0, 0, 0, 0, 0, 0, 0, 0, 0, 0, 0, 0, 0, 0, 0, 0, 0, 0, 0, 1, 2, 2, 0]",False
"Selbst als in der Nacht von Sonntag auf Montag die beiden Spitzen der Regierung, sichtlich gezeichnet vom Gesprächsmarathon, verkündigten, man habe sich auf ein aktualisiertes Regierungsprogramm einigen können, war der Pakt noch lange nicht in trockenen Tüchern.",['in trockenen Tüchern'],['in trockenen Tüchern'],True,"['Selbst ', 'als ', 'in ', 'der ', 'Nacht ', 'von ', 'Sonntag ', 'auf ', 'Montag ', 'die ', 'beiden ', 'Spitzen ', 'der ', 'Regierung', ', ', 'sichtlich ', 'gezeichnet ', 'vom ', 'Gesprächsmarathon', ', ', 'verkündigten', ', ', 'man ', 'habe ', 'sich ', 'auf ', 'ein ', 'aktualisiertes ', 'Regierungsprogramm ', 'einigen ', 'können', ', ', 'war ', 'der ', 'Pakt ', 'noch ', 'lange ', 'nicht ', 'in ', 'trockenen ', 'Tüchern', '.']","['O', 'O', 'O', 'O', 'O', 'O', 'O', 'O', 'O', 'O', 'O', 'O', 'O', 'O', 'O', 'O', 'O', 'O', 'O', 'O', 'O', 'O', 'O', 'O', 'O', 'O', 'O', 'O', 'O', 'O', 'O', 'O', 'O', 'O', 'O', 'O', 'O', 'O', 'B-IDIOM', 'I-IDIOM', 'I-IDIOM', 'O']","[0, 0, 0, 0, 0, 0, 0, 0, 0, 0, 0, 0, 0, 0, 0, 0, 0, 0, 0, 0, 0, 0, 0, 0, 0, 0, 0, 0, 0, 0, 0, 0, 0, 0, 0, 0, 0, 0, 1, 2, 2, 0]",False
"Ich habe mich krank gemeldet, weil ich gestern Abend einen über den Durst getrunken habe.",['über  den  Durst  getrunken'],['über den Durst getrunken'],True,"['Ich ', 'habe ', 'mich ', 'krank ', 'gemeldet', ', ', 'weil ', 'ich ', 'gestern ', 'Abend ', 'einen ', 'über ', 'den ', 'Durst ', 'getrunken ', 'habe', '.']","['O', 'O', 'O', 'O', 'O', 'O', 'O', 'O', 'O', 'O', 'O', 'B-IDIOM', 'I-IDIOM', 'I-IDIOM', 'I-IDIOM', 'O', 'O']","[0, 0, 0, 0, 0, 0, 0, 0, 0, 0, 0, 1, 2, 2, 2, 0, 0]",False
"Pass auf, dass du ihm nicht auf den Schlips trittst.",['auf den Schlips trittst'],['auf den Schlips trittst'],True,"['Pass ', 'auf', ', ', 'dass ', 'du ', 'ihm ', 'nicht ', 'auf ', 'den ', 'Schlips ', 'trittst', '.']","['O', 'O', 'O', 'O', 'O', 'O', 'O', 'B-IDIOM', 'I-IDIOM', 'I-IDIOM', 'I-IDIOM', 'O']","[0, 0, 0, 0, 0, 0, 0, 1, 2, 2, 2, 0]",False
"Ich begriff 1963 die Bundesrepublik weder als Zünglein an der Waage noch als amerikanischen Gegenpol, noch als Speerspitze des Kalten Krieges, sondern fand, daß die Bundesrepublik ihren eigenen Part im Konzert des Westens spielen und ihren eigenen Beitrag leisten müsse - jener Verantwortung gemäß, die sie habe und die ihr niemand abnehme.",['Zünglein  an  der  Waage'],['Zünglein an der Waage'],True,"['Ich ', 'begriff ', '1963 ', 'die ', 'Bundesrepublik ', 'weder ', 'als ', 'Zünglein ', 'an ', 'der ', 'Waage ', 'noch ', 'als ', 'amerikanischen ', 'Gegenpol', ', ', 'noch ', 'als ', 'Speerspitze ', 'des ', 'Kalten ', 'Krieges', ', ', 'sondern ', 'fand', ', ', 'daß ', 'die ', 'Bundesrepublik ', 'ihren ', 'eigenen ', 'Part ', 'im ', 'Konzert ', 'des ', 'Westens ', 'spielen ', 'und ', 'ihren ', 'eigenen ', 'Beitrag ', 'leisten ', 'müsse ', '- ', 'jener ', 'Verantwortung ', 'gemäß', ', ', 'die ', 'sie ', 'habe ', 'und ', 'die ', 'ihr ', 'niemand ', 'abnehme', '.']","['O', 'O', 'O', 'O', 'O', 'O', 'O', 'B-IDIOM', 'I-IDIOM', 'I-IDIOM', 'I-IDIOM', 'O', 'O', 'O', 'O', 'O', 'O', 'O', 'O', 'O', 'O', 'O', 'O', 'O', 'O', 'O', 'O', 'O', 'O', 'O', 'O', 'O', 'O', 'O', 'O', 'O', 'O', 'O', 'O', 'O', 'O', 'O', 'O', 'O', 'O', 'O', 'O', 'O', 'O', 'O', 'O', 'O', 'O', 'O', 'O', 'O', 'O']","[0, 0, 0, 0, 0, 0, 0, 1, 2, 2, 2, 0, 0, 0, 0, 0, 0, 0, 0, 0, 0, 0, 0, 0, 0, 0, 0, 0, 0, 0, 0, 0, 0, 0, 0, 0, 0, 0, 0, 0, 0, 0, 0, 0, 0, 0, 0, 0, 0, 0, 0, 0, 0, 0, 0, 0, 0]",False
"Was würde das für ein Grund sein, wenn wir keine Wunder für diese Kinder vollbringen!",['Wunder für diese Kinder vollbringen'],['Wunder für diese Kinder vollbringen'],True,"['Was ', 'würde ', 'das ', 'für ', 'ein ', 'Grund ', 'sein', ', ', 'wenn ', 'wir ', 'keine ', 'Wunder ', 'für ', 'diese ', 'Kinder ', 'vollbringen', '!']","['O', 'O', 'O', 'O', 'O', 'O', 'O', 'O', 'O', 'O', 'O', 'B-IDIOM', 'I-IDIOM', 'I-IDIOM', 'I-IDIOM', 'I-IDIOM', 'O']","[0, 0, 0, 0, 0, 0, 0, 0, 0, 0, 0, 1, 2, 2, 2, 2, 0]",True
Cäsar hat den Rubikon überschritten.,['den Ruikon überschreiten'],[],False,"['Cäsar ', 'hat ', 'den ', 'Rubikon ', 'überschritten', '.']","['O', 'O', 'O', 'O', 'O', 'O']","[0, 0, 0, 0, 0, 0]",False
Ania Fucz kam erst recht spät zum Kickboxen.,['erst recht'],['erst recht'],True,"['Ania ', 'Fucz ', 'kam ', 'erst ', 'recht ', 'spät ', 'zum ', 'Kickboxen', '.']","['O', 'O', 'O', 'B-IDIOM', 'I-IDIOM', 'O', 'O', 'O', 'O']","[0, 0, 0, 1, 2, 0, 0, 0, 0]",False
"Zwei Mädchen in dieser Klasse, Chantel und Andrea, wollen ihren neuen Klassenkameraden Courtney zum Narren halten.",['zum  Narren  halten'],['zum Narren halten'],True,"['Zwei ', 'Mädchen ', 'in ', 'dieser ', 'Klasse', ', ', 'Chantel ', 'und ', 'Andrea', ', ', 'wollen ', 'ihren ', 'neuen ', 'Klassenkameraden ', 'Courtney ', 'zum ', 'Narren ', 'halten', '.']","['O', 'O', 'O', 'O', 'O', 'O', 'O', 'O', 'O', 'O', 'O', 'O', 'O', 'O', 'O', 'B-IDIOM', 'I-IDIOM', 'I-IDIOM', 'O']","[0, 0, 0, 0, 0, 0, 0, 0, 0, 0, 0, 0, 0, 0, 0, 1, 2, 2, 0]",False
"Dies zusammen mit seinen Lebenserfahrungen und Erziehung brachte Birney zu der Erkenntnis, dass die Sklaverei ein für alle Mal abgeschafft werden müsse.",['ein für alle Mal'],['ein für alle Mal'],True,"['Dies ', 'zusammen ', 'mit ', 'seinen ', 'Lebenserfahrungen ', 'und ', 'Erziehung ', 'brachte ', 'Birney ', 'zu ', 'der ', 'Erkenntnis', ', ', 'dass ', 'die ', 'Sklaverei ', 'ein ', 'für ', 'alle ', 'Mal ', 'abgeschafft ', 'werden ', 'müsse', '.']","['O', 'O', 'O', 'O', 'O', 'O', 'O', 'O', 'O', 'O', 'O', 'O', 'O', 'O', 'O', 'O', 'B-IDIOM', 'I-IDIOM', 'I-IDIOM', 'I-IDIOM', 'O', 'O', 'O', 'O']","[0, 0, 0, 0, 0, 0, 0, 0, 0, 0, 0, 0, 0, 0, 0, 0, 1, 2, 2, 2, 0, 0, 0, 0]",False
"Michael Portillo beschrieb seine derzeitige Verwendung, traf den Direktor und blieb über Nacht.",['über Nacht'],[],False,"['Michael ', 'Portillo ', 'beschrieb ', 'seine ', 'derzeitige ', 'Verwendung', ', ', 'traf ', 'den ', 'Direktor ', 'und ', 'blieb ', 'über ', 'Nacht', '.']","['O', 'O', 'O', 'O', 'O', 'O', 'O', 'O', 'O', 'O', 'O', 'O', 'O', 'O', 'O']","[0, 0, 0, 0, 0, 0, 0, 0, 0, 0, 0, 0, 0, 0, 0]",False
"Im Drehbuch wissen wir, wer Mazer Rackham wirklich ist, und wir wissen auch, was auf dem Spiel steht, wenn Ender seine Spiele spielt.",['auf dem Spiel'],['auf dem Spiel'],True,"['Im ', 'Drehbuch ', 'wissen ', 'wir', ', ', 'wer ', 'Mazer ', 'Rackham ', 'wirklich ', 'ist', ', ', 'und ', 'wir ', 'wissen ', 'auch', ', ', 'was ', 'auf ', 'dem ', 'Spiel ', 'steht', ', ', 'wenn ', 'Ender ', 'seine ', 'Spiele ', 'spielt', '.']","['O', 'O', 'O', 'O', 'O', 'O', 'O', 'O', 'O', 'O', 'O', 'O', 'O', 'O', 'O', 'O', 'O', 'B-IDIOM', 'I-IDIOM', 'I-IDIOM', 'O', 'O', 'O', 'O', 'O', 'O', 'O', 'O']","[0, 0, 0, 0, 0, 0, 0, 0, 0, 0, 0, 0, 0, 0, 0, 0, 0, 1, 2, 2, 0, 0, 0, 0, 0, 0, 0, 0]",False
"Wie der Name deutlich macht, werden marktbasierte Klimaschutzinstrumente hier keine Rolle spielen.",['keine  Rolle  spielen'],['keine Rolle spielen'],True,"['Wie ', 'der ', 'Name ', 'deutlich ', 'macht', ', ', 'werden ', 'marktbasierte ', 'Klimaschutzinstrumente ', 'hier ', 'keine ', 'Rolle ', 'spielen', '.']","['O', 'O', 'O', 'O', 'O', 'O', 'O', 'O', 'O', 'O', 'B-IDIOM', 'I-IDIOM', 'I-IDIOM', 'O']","[0, 0, 0, 0, 0, 0, 0, 0, 0, 0, 1, 2, 2, 0]",False
Der gute Ruf von Volkswagen stand in Afrika auf dem Spiel.,['auf dem Spiel'],['auf dem Spiel'],True,"['Der ', 'gute ', 'Ruf ', 'von ', 'Volkswagen ', 'stand ', 'in ', 'Afrika ', 'auf ', 'dem ', 'Spiel', '.']","['O', 'O', 'O', 'O', 'O', 'O', 'O', 'O', 'B-IDIOM', 'I-IDIOM', 'I-IDIOM', 'O']","[0, 0, 0, 0, 0, 0, 0, 0, 1, 2, 2, 0]",False
Infolgedessen ist jede Analyse der Wirtschaft als analytisch abgrenzbare und von ihrem sozio-kulturellen und politischen Kontext isolierte Einheit von vornherein fehlerhaft.,['von  vornherein'],['von vornherein'],True,"['Infolgedessen ', 'ist ', 'jede ', 'Analyse ', 'der ', 'Wirtschaft ', 'als ', 'analytisch ', 'abgrenzbare ', 'und ', 'von ', 'ihrem ', 'sozio-kulturellen ', 'und ', 'politischen ', 'Kontext ', 'isolierte ', 'Einheit ', 'von ', 'vornherein ', 'fehlerhaft', '.']","['O', 'O', 'O', 'O', 'O', 'O', 'O', 'O', 'O', 'O', 'O', 'O', 'O', 'O', 'O', 'O', 'O', 'O', 'B-IDIOM', 'I-IDIOM', 'O', 'O']","[0, 0, 0, 0, 0, 0, 0, 0, 0, 0, 0, 0, 0, 0, 0, 0, 0, 0, 1, 2, 0, 0]",False
"Der PC Energie Bericht ergab, dass fast die Hälfte aller beruflich genutzten PCs in den USA über Nacht regelmäßig nicht ausgeschaltet werden.",['über Nacht'],[],False,"['Der ', 'PC ', 'Energie ', 'Bericht ', 'ergab', ', ', 'dass ', 'fast ', 'die ', 'Hälfte ', 'aller ', 'beruflich ', 'genutzten ', 'PCs ', 'in ', 'den ', 'USA ', 'über ', 'Nacht ', 'regelmäßig ', 'nicht ', 'ausgeschaltet ', 'werden', '.']","['O', 'O', 'O', 'O', 'O', 'O', 'O', 'O', 'O', 'O', 'O', 'O', 'O', 'O', 'O', 'O', 'O', 'O', 'O', 'O', 'O', 'O', 'O', 'O']","[0, 0, 0, 0, 0, 0, 0, 0, 0, 0, 0, 0, 0, 0, 0, 0, 0, 0, 0, 0, 0, 0, 0, 0]",False
"2002 erklärte sie, die palästinensischen Terroranschläge seien zwar nicht zu rechtfertigen, doch habe die israelische Politik ihnen „den Weg geebnet“.",['den Weg geebnet'],['den Weg geebnet'],True,"['2002 ', 'erklärte ', 'sie', ', ', 'die ', 'palästinensischen ', 'Terroranschläge ', 'seien ', 'zwar ', 'nicht ', 'zu ', 'rechtfertigen', ', ', 'doch ', 'habe ', 'die ', 'israelische ', 'Politik ', 'ihnen ', '„', 'den ', 'Weg ', 'geebnet', '“', '.']","['O', 'O', 'O', 'O', 'O', 'O', 'O', 'O', 'O', 'O', 'O', 'O', 'O', 'O', 'O', 'O', 'O', 'O', 'O', 'O', 'B-IDIOM', 'I-IDIOM', 'I-IDIOM', 'O', 'O']","[0, 0, 0, 0, 0, 0, 0, 0, 0, 0, 0, 0, 0, 0, 0, 0, 0, 0, 0, 0, 1, 2, 2, 0, 0]",False
"Aber in der Sichtweise dieser Verfassung und vor den Augen des Gesetzes gibt es in diesem Land keine überlegene, dominierende, herrschende Klasse von Bürgern.",['den Augen des Gesetzes'],['den Augen des Gesetzes'],True,"['Aber ', 'in ', 'der ', 'Sichtweise ', 'dieser ', 'Verfassung ', 'und ', 'vor ', 'den ', 'Augen ', 'des ', 'Gesetzes ', 'gibt ', 'es ', 'in ', 'diesem ', 'Land ', 'keine ', 'überlegene', ', ', 'dominierende', ', ', 'herrschende ', 'Klasse ', 'von ', 'Bürgern', '.']","['O', 'O', 'O', 'O', 'O', 'O', 'O', 'O', 'B-IDIOM', 'I-IDIOM', 'I-IDIOM', 'I-IDIOM', 'O', 'O', 'O', 'O', 'O', 'O', 'O', 'O', 'O', 'O', 'O', 'O', 'O', 'O', 'O']","[0, 0, 0, 0, 0, 0, 0, 0, 1, 2, 2, 2, 0, 0, 0, 0, 0, 0, 0, 0, 0, 0, 0, 0, 0, 0, 0]",False
"Das ist die Zuchtrute Gottes, mit der Moses sein Volk in Schach gehalten hat!",['in Schach gehalten'],['in Schach gehalten'],True,"['Das ', 'ist ', 'die ', 'Zuchtrute ', 'Gottes', ', ', 'mit ', 'der ', 'Moses ', 'sein ', 'Volk ', 'in ', 'Schach ', 'gehalten ', 'hat', '!']","['O', 'O', 'O', 'O', 'O', 'O', 'O', 'O', 'O', 'O', 'O', 'B-IDIOM', 'I-IDIOM', 'I-IDIOM', 'O', 'O']","[0, 0, 0, 0, 0, 0, 0, 0, 0, 0, 0, 1, 2, 2, 0, 0]",False
Behörden und die Schwulenbewegung arbeiteten erfolgreich Hand in Hand.,['Hand in Hand'],['Hand in Hand'],True,"['Behörden ', 'und ', 'die ', 'Schwulenbewegung ', 'arbeiteten ', 'erfolgreich ', 'Hand ', 'in ', 'Hand', '.']","['O', 'O', 'O', 'O', 'O', 'O', 'B-IDIOM', 'I-IDIOM', 'I-IDIOM', 'O']","[0, 0, 0, 0, 0, 0, 1, 2, 2, 0]",False
"An dieser ist ein Rettungswagen rund um die Uhr einsatzbereit, der auch außerhalb des Flughafenbereichs für die normale Notfallrettung eingesetzt wird.",['rund  um  die  Uhr'],['rund um die Uhr'],True,"['An ', 'dieser ', 'ist ', 'ein ', 'Rettungswagen ', 'rund ', 'um ', 'die ', 'Uhr ', 'einsatzbereit', ', ', 'der ', 'auch ', 'außerhalb ', 'des ', 'Flughafenbereichs ', 'für ', 'die ', 'normale ', 'Notfallrettung ', 'eingesetzt ', 'wird', '.']","['O', 'O', 'O', 'O', 'O', 'B-IDIOM', 'I-IDIOM', 'I-IDIOM', 'I-IDIOM', 'O', 'O', 'O', 'O', 'O', 'O', 'O', 'O', 'O', 'O', 'O', 'O', 'O', 'O']","[0, 0, 0, 0, 0, 1, 2, 2, 2, 0, 0, 0, 0, 0, 0, 0, 0, 0, 0, 0, 0, 0, 0]",False
"Hier wird nun deutlich, dass Marek nicht tot ist, sondern mit den anderen gemeinsame Sache gemacht hat.",['gemeinsame Sache gemacht'],['gemeinsame Sache gemacht'],True,"['Hier ', 'wird ', 'nun ', 'deutlich', ', ', 'dass ', 'Marek ', 'nicht ', 'tot ', 'ist', ', ', 'sondern ', 'mit ', 'den ', 'anderen ', 'gemeinsame ', 'Sache ', 'gemacht ', 'hat', '.']","['O', 'O', 'O', 'O', 'O', 'O', 'O', 'O', 'O', 'O', 'O', 'O', 'O', 'O', 'O', 'B-IDIOM', 'I-IDIOM', 'I-IDIOM', 'O', 'O']","[0, 0, 0, 0, 0, 0, 0, 0, 0, 0, 0, 0, 0, 0, 0, 1, 2, 2, 0, 0]",False
"Mit anderen Worten: Wir sind zu 95% sicher, dass wir in den letzten 95% aller Menschen liegen, die jemals geboren werden.",['Mit  anderen  Worten'],[],False,"['Mit ', 'anderen ', 'Worten', ': ', 'Wir ', 'sind ', 'zu ', '95', '% ', 'sicher', ', ', 'dass ', 'wir ', 'in ', 'den ', 'letzten ', '95', '% ', 'aller ', 'Menschen ', 'liegen', ', ', 'die ', 'jemals ', 'geboren ', 'werden', '.']","['O', 'O', 'O', 'O', 'O', 'O', 'O', 'O', 'O', 'O', 'O', 'O', 'O', 'O', 'O', 'O', 'O', 'O', 'O', 'O', 'O', 'O', 'O', 'O', 'O', 'O', 'O']","[0, 0, 0, 0, 0, 0, 0, 0, 0, 0, 0, 0, 0, 0, 0, 0, 0, 0, 0, 0, 0, 0, 0, 0, 0, 0, 0]",True
"Mit anderen Worten, das Buch handelt von Verfahrensweisen für Versammlungen und nicht davon, was „rechtlich zulässig“ ist (d.h. es ist kein juristisches Buch).",['Mit  anderen  Worten'],[],False,"['Mit ', 'anderen ', 'Worten', ', ', 'das ', 'Buch ', 'handelt ', 'von ', 'Verfahrensweisen ', 'für ', 'Versammlungen ', 'und ', 'nicht ', 'davon', ', ', 'was ', '„', 'rechtlich ', 'zulässig', '“ ', 'ist ', '(', 'd.', 'h. ', 'es ', 'ist ', 'kein ', 'juristisches ', 'Buch', ')', '.']","['O', 'O', 'O', 'O', 'O', 'O', 'O', 'O', 'O', 'O', 'O', 'O', 'O', 'O', 'O', 'O', 'O', 'O', 'O', 'O', 'O', 'O', 'O', 'O', 'O', 'O', 'O', 'O', 'O', 'O', 'O']","[0, 0, 0, 0, 0, 0, 0, 0, 0, 0, 0, 0, 0, 0, 0, 0, 0, 0, 0, 0, 0, 0, 0, 0, 0, 0, 0, 0, 0, 0, 0]",True
Alice und die Ärzte pflegten die Familie rund um die Uhr.,['rund  um  die  Uhr'],['rund um die Uhr'],True,"['Alice ', 'und ', 'die ', 'Ärzte ', 'pflegten ', 'die ', 'Familie ', 'rund ', 'um ', 'die ', 'Uhr', '.']","['O', 'O', 'O', 'O', 'O', 'O', 'O', 'B-IDIOM', 'I-IDIOM', 'I-IDIOM', 'I-IDIOM', 'O']","[0, 0, 0, 0, 0, 0, 0, 1, 2, 2, 2, 0]",False
"Zwischen den beiden Detekteien entwickelt sich eine Art Konkurrenzkampf, da sie sich trotz aller Freundschaft immer wieder gewollt oder ungewollt in die Quere kommen.",['in die Quere kommen'],['in die Quere kommen'],True,"['Zwischen ', 'den ', 'beiden ', 'Detekteien ', 'entwickelt ', 'sich ', 'eine ', 'Art ', 'Konkurrenzkampf', ', ', 'da ', 'sie ', 'sich ', 'trotz ', 'aller ', 'Freundschaft ', 'immer ', 'wieder ', 'gewollt ', 'oder ', 'ungewollt ', 'in ', 'die ', 'Quere ', 'kommen', '.']","['O', 'O', 'O', 'O', 'O', 'O', 'O', 'O', 'O', 'O', 'O', 'O', 'O', 'O', 'O', 'O', 'O', 'O', 'O', 'O', 'O', 'B-IDIOM', 'I-IDIOM', 'I-IDIOM', 'I-IDIOM', 'O']","[0, 0, 0, 0, 0, 0, 0, 0, 0, 0, 0, 0, 0, 0, 0, 0, 0, 0, 0, 0, 0, 1, 2, 2, 2, 0]",False
"Mit anderen Worten, der Änderungsantrag ermächtigt den Kongress, Gesetze nur zur Bekämpfung von Verletzungen der in anderen Abschnitten geschützten Rechte zu erlassen.",['Mit  anderen  Worten'],[],False,"['Mit ', 'anderen ', 'Worten', ', ', 'der ', 'Änderungsantrag ', 'ermächtigt ', 'den ', 'Kongress', ', ', 'Gesetze ', 'nur ', 'zur ', 'Bekämpfung ', 'von ', 'Verletzungen ', 'der ', 'in ', 'anderen ', 'Abschnitten ', 'geschützten ', 'Rechte ', 'zu ', 'erlassen', '.']","['O', 'O', 'O', 'O', 'O', 'O', 'O', 'O', 'O', 'O', 'O', 'O', 'O', 'O', 'O', 'O', 'O', 'O', 'O', 'O', 'O', 'O', 'O', 'O', 'O']","[0, 0, 0, 0, 0, 0, 0, 0, 0, 0, 0, 0, 0, 0, 0, 0, 0, 0, 0, 0, 0, 0, 0, 0, 0]",True
"Als die Beziehung ans Licht kommt, gibt es zunächst Probleme, die mit Christians Hilfe aber wieder beigelegt werden können.",['ans Licht kommt'],['ans Licht kommt'],True,"['Als ', 'die ', 'Beziehung ', 'ans ', 'Licht ', 'kommt', ', ', 'gibt ', 'es ', 'zunächst ', 'Probleme', ', ', 'die ', 'mit ', 'Christians ', 'Hilfe ', 'aber ', 'wieder ', 'beigelegt ', 'werden ', 'können', '.']","['O', 'O', 'O', 'B-IDIOM', 'I-IDIOM', 'I-IDIOM', 'O', 'O', 'O', 'O', 'O', 'O', 'O', 'O', 'O', 'O', 'O', 'O', 'O', 'O', 'O', 'O']","[0, 0, 0, 1, 2, 2, 0, 0, 0, 0, 0, 0, 0, 0, 0, 0, 0, 0, 0, 0, 0, 0]",False
"Eine Generation, die ein paar Dinge geändert hat, aber auch viele andere Arten von Veränderungen erfuhr, über die sie keine Kontrolle hatte, so dass einige von uns auf der Strecke bleiben mussten.",['auf der Strecke bleiben'],['auf der Strecke bleiben'],True,"['Eine ', 'Generation', ', ', 'die ', 'ein ', 'paar ', 'Dinge ', 'geändert ', 'hat', ', ', 'aber ', 'auch ', 'viele ', 'andere ', 'Arten ', 'von ', 'Veränderungen ', 'erfuhr', ', ', 'über ', 'die ', 'sie ', 'keine ', 'Kontrolle ', 'hatte', ', ', 'so ', 'dass ', 'einige ', 'von ', 'uns ', 'auf ', 'der ', 'Strecke ', 'bleiben ', 'mussten', '.']","['O', 'O', 'O', 'O', 'O', 'O', 'O', 'O', 'O', 'O', 'O', 'O', 'O', 'O', 'O', 'O', 'O', 'O', 'O', 'O', 'O', 'O', 'O', 'O', 'O', 'O', 'O', 'O', 'O', 'O', 'O', 'B-IDIOM', 'I-IDIOM', 'I-IDIOM', 'I-IDIOM', 'O', 'O']","[0, 0, 0, 0, 0, 0, 0, 0, 0, 0, 0, 0, 0, 0, 0, 0, 0, 0, 0, 0, 0, 0, 0, 0, 0, 0, 0, 0, 0, 0, 0, 1, 2, 2, 2, 0, 0]",False
"Obwohl Zhang nach den 1940er Jahren intellektuell mundtot gemacht wurde, war er bis dahin ein außergewöhnlich produktiver Schreiber.",['mundtot  gemacht'],['mundtot gemacht'],True,"['Obwohl ', 'Zhang ', 'nach ', 'den ', '1940er ', 'Jahren ', 'intellektuell ', 'mundtot ', 'gemacht ', 'wurde', ', ', 'war ', 'er ', 'bis ', 'dahin ', 'ein ', 'außergewöhnlich ', 'produktiver ', 'Schreiber', '.']","['O', 'O', 'O', 'O', 'O', 'O', 'O', 'B-IDIOM', 'I-IDIOM', 'O', 'O', 'O', 'O', 'O', 'O', 'O', 'O', 'O', 'O', 'O']","[0, 0, 0, 0, 0, 0, 0, 1, 2, 0, 0, 0, 0, 0, 0, 0, 0, 0, 0, 0]",False
"Die Praxis scheint um 1847 in Ungnade gefallen zu sein, als Dewees vorschlug, dass eine Krankenschwester oder ein anderer Fachmann für diese Aufgabe eher geeignet sei als ein Tier.",['in Ungnade gefallen'],['in Ungnade gefallen'],True,"['Die ', 'Praxis ', 'scheint ', 'um ', '1847 ', 'in ', 'Ungnade ', 'gefallen ', 'zu ', 'sein', ', ', 'als ', 'Dewees ', 'vorschlug', ', ', 'dass ', 'eine ', 'Krankenschwester ', 'oder ', 'ein ', 'anderer ', 'Fachmann ', 'für ', 'diese ', 'Aufgabe ', 'eher ', 'geeignet ', 'sei ', 'als ', 'ein ', 'Tier', '.']","['O', 'O', 'O', 'O', 'O', 'B-IDIOM', 'I-IDIOM', 'I-IDIOM', 'O', 'O', 'O', 'O', 'O', 'O', 'O', 'O', 'O', 'O', 'O', 'O', 'O', 'O', 'O', 'O', 'O', 'O', 'O', 'O', 'O', 'O', 'O', 'O']","[0, 0, 0, 0, 0, 1, 2, 2, 0, 0, 0, 0, 0, 0, 0, 0, 0, 0, 0, 0, 0, 0, 0, 0, 0, 0, 0, 0, 0, 0, 0, 0]",False
In jüngster Zeit werden ab und zu auch die Grünen eingeladen.,['ab und zu'],['ab und zu'],True,"['In ', 'jüngster ', 'Zeit ', 'werden ', 'ab ', 'und ', 'zu ', 'auch ', 'die ', 'Grünen ', 'eingeladen', '.']","['O', 'O', 'O', 'O', 'B-IDIOM', 'I-IDIOM', 'I-IDIOM', 'O', 'O', 'O', 'O', 'O']","[0, 0, 0, 0, 1, 2, 2, 0, 0, 0, 0, 0]",False
"Kein Zeichen irgendeiner Burg konnte man sehen (obwohl wir offensichtlich schon nahe Medway waren), bis wir um die Ecke bogen, und da war sie direkt vor uns.",['um die Ecke biegen'],[],False,"['Kein ', 'Zeichen ', 'irgendeiner ', 'Burg ', 'konnte ', 'man ', 'sehen ', '(', 'obwohl ', 'wir ', 'offensichtlich ', 'schon ', 'nahe ', 'Medway ', 'waren', ')', ', ', 'bis ', 'wir ', 'um ', 'die ', 'Ecke ', 'bogen', ', ', 'und ', 'da ', 'war ', 'sie ', 'direkt ', 'vor ', 'uns', '.']","['O', 'O', 'O', 'O', 'O', 'O', 'O', 'O', 'O', 'O', 'O', 'O', 'O', 'O', 'O', 'O', 'O', 'O', 'O', 'O', 'O', 'O', 'O', 'O', 'O', 'O', 'O', 'O', 'O', 'O', 'O', 'O']","[0, 0, 0, 0, 0, 0, 0, 0, 0, 0, 0, 0, 0, 0, 0, 0, 0, 0, 0, 0, 0, 0, 0, 0, 0, 0, 0, 0, 0, 0, 0, 0]",False
Während seiner langen Jahre im Kongress brach er ab und zu mit seinen Südstaatenkollegen und folgte seinem eigenen Gewissen.,['ab und zu'],['ab und zu'],True,"['Während ', 'seiner ', 'langen ', 'Jahre ', 'im ', 'Kongress ', 'brach ', 'er ', 'ab ', 'und ', 'zu ', 'mit ', 'seinen ', 'Südstaatenkollegen ', 'und ', 'folgte ', 'seinem ', 'eigenen ', 'Gewissen', '.']","['O', 'O', 'O', 'O', 'O', 'O', 'O', 'O', 'B-IDIOM', 'I-IDIOM', 'I-IDIOM', 'O', 'O', 'O', 'O', 'O', 'O', 'O', 'O', 'O']","[0, 0, 0, 0, 0, 0, 0, 0, 1, 2, 2, 0, 0, 0, 0, 0, 0, 0, 0, 0]",False
"Schlechter ging es da den Hilfskräften, die oft nur von der Hand in den Mund lebten.",['von  der  Hand  in  den  Mund  lebten'],['von der Hand in den Mund lebten'],True,"['Schlechter ', 'ging ', 'es ', 'da ', 'den ', 'Hilfskräften', ', ', 'die ', 'oft ', 'nur ', 'von ', 'der ', 'Hand ', 'in ', 'den ', 'Mund ', 'lebten', '.']","['O', 'O', 'O', 'O', 'O', 'O', 'O', 'O', 'O', 'O', 'B-IDIOM', 'I-IDIOM', 'I-IDIOM', 'I-IDIOM', 'I-IDIOM', 'I-IDIOM', 'I-IDIOM', 'O']","[0, 0, 0, 0, 0, 0, 0, 0, 0, 0, 1, 2, 2, 2, 2, 2, 2, 0]",False
"Ein bemerkenswert früher Versuch, eine zoophile soziale Struktur zu schaffen, die sich auf den sozialen und psychologischen Support spezialisierte, war die Newsgroup soc.support.zoophilia, welche 1994 vorgeschlagen wurde, aber um ein Haar an der benötigten 2/3-Mehrheit scheiterte.",['um  ein  Haar'],['um ein Haar'],True,"['Ein ', 'bemerkenswert ', 'früher ', 'Versuch', ', ', 'eine ', 'zoophile ', 'soziale ', 'Struktur ', 'zu ', 'schaffen', ', ', 'die ', 'sich ', 'auf ', 'den ', 'sozialen ', 'und ', 'psychologischen ', 'Support ', 'spezialisierte', ', ', 'war ', 'die ', 'Newsgroup ', 'soc.support.zoophilia', ', ', 'welche ', '1994 ', 'vorgeschlagen ', 'wurde', ', ', 'aber ', 'um ', 'ein ', 'Haar ', 'an ', 'der ', 'benötigten ', '2', '/', '3-Mehrheit ', 'scheiterte', '.']","['O', 'O', 'O', 'O', 'O', 'O', 'O', 'O', 'O', 'O', 'O', 'O', 'O', 'O', 'O', 'O', 'O', 'O', 'O', 'O', 'O', 'O', 'O', 'O', 'O', 'O', 'O', 'O', 'O', 'O', 'O', 'O', 'O', 'B-IDIOM', 'I-IDIOM', 'I-IDIOM', 'O', 'O', 'O', 'O', 'O', 'O', 'O', 'O']","[0, 0, 0, 0, 0, 0, 0, 0, 0, 0, 0, 0, 0, 0, 0, 0, 0, 0, 0, 0, 0, 0, 0, 0, 0, 0, 0, 0, 0, 0, 0, 0, 0, 1, 2, 2, 0, 0, 0, 0, 0, 0, 0, 0]",False
Dabei blieb er allerdings politisch eher ein Hinterbänkler und blieb stets ein Dorn im Auge der Ministerialbürokratie.,['Dorn im Auge'],['Dorn im Auge'],True,"['Dabei ', 'blieb ', 'er ', 'allerdings ', 'politisch ', 'eher ', 'ein ', 'Hinterbänkler ', 'und ', 'blieb ', 'stets ', 'ein ', 'Dorn ', 'im ', 'Auge ', 'der ', 'Ministerialbürokratie', '.']","['O', 'O', 'O', 'O', 'O', 'O', 'O', 'O', 'O', 'O', 'O', 'O', 'B-IDIOM', 'I-IDIOM', 'I-IDIOM', 'O', 'O', 'O']","[0, 0, 0, 0, 0, 0, 0, 0, 0, 0, 0, 0, 1, 2, 2, 0, 0, 0]",False
Der Bahnhof war aber nicht nur von feindlichen Angriffen betroffen: Am 12.September 1944 beschädigte eine außer Kontrolle geratene und abstürzende V1 den Bahnhof.,['außer Kontrolle geratene'],['außer Kontrolle geratene'],True,"['Der ', 'Bahnhof ', 'war ', 'aber ', 'nicht ', 'nur ', 'von ', 'feindlichen ', 'Angriffen ', 'betroffen', ': ', 'Am ', '12.', 'September ', '1944 ', 'beschädigte ', 'eine ', 'außer ', 'Kontrolle ', 'geratene ', 'und ', 'abstürzende ', 'V1 ', 'den ', 'Bahnhof', '.']","['O', 'O', 'O', 'O', 'O', 'O', 'O', 'O', 'O', 'O', 'O', 'O', 'O', 'O', 'O', 'O', 'O', 'B-IDIOM', 'I-IDIOM', 'I-IDIOM', 'O', 'O', 'O', 'O', 'O', 'O']","[0, 0, 0, 0, 0, 0, 0, 0, 0, 0, 0, 0, 0, 0, 0, 0, 0, 1, 2, 2, 0, 0, 0, 0, 0, 0]",False
"Sie unterstützte ihren Bruder leidenschaftlich, als er 1653 in Ungnade fiel, aber dies scheint weder ihre eigene noch seine Position beeinflusst zu haben.",['in Ungnade fiel'],['in Ungnade fiel'],True,"['Sie ', 'unterstützte ', 'ihren ', 'Bruder ', 'leidenschaftlich', ', ', 'als ', 'er ', '1653 ', 'in ', 'Ungnade ', 'fiel', ', ', 'aber ', 'dies ', 'scheint ', 'weder ', 'ihre ', 'eigene ', 'noch ', 'seine ', 'Position ', 'beeinflusst ', 'zu ', 'haben', '.']","['O', 'O', 'O', 'O', 'O', 'O', 'O', 'O', 'O', 'B-IDIOM', 'I-IDIOM', 'I-IDIOM', 'O', 'O', 'O', 'O', 'O', 'O', 'O', 'O', 'O', 'O', 'O', 'O', 'O', 'O']","[0, 0, 0, 0, 0, 0, 0, 0, 0, 1, 2, 2, 0, 0, 0, 0, 0, 0, 0, 0, 0, 0, 0, 0, 0, 0]",False
"Die Output-Signale hängen nicht nur von der Kombination der Inputs, sondern auch von der richtigen Reihenfolge der Inputs ab: Mit anderen Worten, das richtige password muss eingegeben werden.",['Mit  anderen  Worten'],['Mit anderen Worten'],True,"['Die ', 'Output-Signale ', 'hängen ', 'nicht ', 'nur ', 'von ', 'der ', 'Kombination ', 'der ', 'Inputs', ', ', 'sondern ', 'auch ', 'von ', 'der ', 'richtigen ', 'Reihenfolge ', 'der ', 'Inputs ', 'ab', ': ', 'Mit ', 'anderen ', 'Worten', ', ', 'das ', 'richtige ', 'password ', 'muss ', 'eingegeben ', 'werden', '.']","['O', 'O', 'O', 'O', 'O', 'O', 'O', 'O', 'O', 'O', 'O', 'O', 'O', 'O', 'O', 'O', 'O', 'O', 'O', 'O', 'O', 'B-IDIOM', 'I-IDIOM', 'I-IDIOM', 'O', 'O', 'O', 'O', 'O', 'O', 'O', 'O']","[0, 0, 0, 0, 0, 0, 0, 0, 0, 0, 0, 0, 0, 0, 0, 0, 0, 0, 0, 0, 0, 1, 2, 2, 0, 0, 0, 0, 0, 0, 0, 0]",False
"Im Juli desselben Jahres nahm sie Abschied von ihrem Heimatsort, ging nach Yan’an und widmete sich von ganzem Herzen der Sache des Kriegs gegen die japanische Aggression.",['von  ganzem  Herzen'],['von ganzem Herzen'],True,"['Im ', 'Juli ', 'desselben ', 'Jahres ', 'nahm ', 'sie ', 'Abschied ', 'von ', 'ihrem ', 'Heimatsort', ', ', 'ging ', 'nach ', 'Yan', '’', 'an ', 'und ', 'widmete ', 'sich ', 'von ', 'ganzem ', 'Herzen ', 'der ', 'Sache ', 'des ', 'Kriegs ', 'gegen ', 'die ', 'japanische ', 'Aggression', '.']","['O', 'O', 'O', 'O', 'O', 'O', 'O', 'O', 'O', 'O', 'O', 'O', 'O', 'O', 'O', 'O', 'O', 'O', 'O', 'B-IDIOM', 'I-IDIOM', 'I-IDIOM', 'O', 'O', 'O', 'O', 'O', 'O', 'O', 'O', 'O']","[0, 0, 0, 0, 0, 0, 0, 0, 0, 0, 0, 0, 0, 0, 0, 0, 0, 0, 0, 1, 2, 2, 0, 0, 0, 0, 0, 0, 0, 0, 0]",False
"Diese Verordnung veränderte den Status der Häuptlinge, also der traditionellen indigenen Stammesführer, von Grund auf.",['von  Grund  auf'],['von Grund auf'],True,"['Diese ', 'Verordnung ', 'veränderte ', 'den ', 'Status ', 'der ', 'Häuptlinge', ', ', 'also ', 'der ', 'traditionellen ', 'indigenen ', 'Stammesführer', ', ', 'von ', 'Grund ', 'auf', '.']","['O', 'O', 'O', 'O', 'O', 'O', 'O', 'O', 'O', 'O', 'O', 'O', 'O', 'O', 'B-IDIOM', 'I-IDIOM', 'I-IDIOM', 'O']","[0, 0, 0, 0, 0, 0, 0, 0, 0, 0, 0, 0, 0, 0, 1, 2, 2, 0]",False
"Zu dem Zeitpunkt erlaubten NZPO2 und ich, den Schnaps auszugeben, der den Absturz überstanden hatte, und wir feierten eine Party (makaber, aber wir mussten einfach Dampf ablassen).",['Dampf ablassen'],['Dampf ablassen'],True,"['Zu ', 'dem ', 'Zeitpunkt ', 'erlaubten ', 'NZPO2 ', 'und ', 'ich', ', ', 'den ', 'Schnaps ', 'auszugeben', ', ', 'der ', 'den ', 'Absturz ', 'überstanden ', 'hatte', ', ', 'und ', 'wir ', 'feierten ', 'eine ', 'Party ', '(', 'makaber', ', ', 'aber ', 'wir ', 'mussten ', 'einfach ', 'Dampf ', 'ablassen', ')', '.']","['O', 'O', 'O', 'O', 'O', 'O', 'O', 'O', 'O', 'O', 'O', 'O', 'O', 'O', 'O', 'O', 'O', 'O', 'O', 'O', 'O', 'O', 'O', 'O', 'O', 'O', 'O', 'O', 'O', 'O', 'B-IDIOM', 'I-IDIOM', 'O', 'O']","[0, 0, 0, 0, 0, 0, 0, 0, 0, 0, 0, 0, 0, 0, 0, 0, 0, 0, 0, 0, 0, 0, 0, 0, 0, 0, 0, 0, 0, 0, 1, 2, 0, 0]",False
"Ein begleitender menschlicher Fahrer mit einem ""roten Knopf"" garantierte, dass das Fahrzeug nicht außer Kontrolle geraten und eine Gefahr für die Öffentlichkeit werden konnte.",['außer Kontrolle geraten'],['außer Kontrolle geraten'],True,"['Ein ', 'begleitender ', 'menschlicher ', 'Fahrer ', 'mit ', 'einem ', '""', 'roten ', 'Knopf', '"" ', 'garantierte', ', ', 'dass ', 'das ', 'Fahrzeug ', 'nicht ', 'außer ', 'Kontrolle ', 'geraten ', 'und ', 'eine ', 'Gefahr ', 'für ', 'die ', 'Öffentlichkeit ', 'werden ', 'konnte', '.']","['O', 'O', 'O', 'O', 'O', 'O', 'O', 'O', 'O', 'O', 'O', 'O', 'O', 'O', 'O', 'O', 'B-IDIOM', 'I-IDIOM', 'I-IDIOM', 'O', 'O', 'O', 'O', 'O', 'O', 'O', 'O', 'O']","[0, 0, 0, 0, 0, 0, 0, 0, 0, 0, 0, 0, 0, 0, 0, 0, 1, 2, 2, 0, 0, 0, 0, 0, 0, 0, 0, 0]",False
"In den letzten 20 Jahren seines Bestehens war das Taunusheim das Zuhause von bis zu 18 Kindern und Jugendlichen im Alter von 6 bis 18 Jahren, welche rund um die Uhr in zwei Gruppen betreut wurden.",['rund  um  die  Uhr'],['rund um die Uhr'],True,"['In ', 'den ', 'letzten ', '20 ', 'Jahren ', 'seines ', 'Bestehens ', 'war ', 'das ', 'Taunusheim ', 'das ', 'Zuhause ', 'von ', 'bis ', 'zu ', '18 ', 'Kindern ', 'und ', 'Jugendlichen ', 'im ', 'Alter ', 'von ', '6 ', 'bis ', '18 ', 'Jahren', ', ', 'welche ', 'rund ', 'um ', 'die ', 'Uhr ', 'in ', 'zwei ', 'Gruppen ', 'betreut ', 'wurden', '.']","['O', 'O', 'O', 'O', 'O', 'O', 'O', 'O', 'O', 'O', 'O', 'O', 'O', 'O', 'O', 'O', 'O', 'O', 'O', 'O', 'O', 'O', 'O', 'O', 'O', 'O', 'O', 'O', 'B-IDIOM', 'I-IDIOM', 'I-IDIOM', 'I-IDIOM', 'O', 'O', 'O', 'O', 'O', 'O']","[0, 0, 0, 0, 0, 0, 0, 0, 0, 0, 0, 0, 0, 0, 0, 0, 0, 0, 0, 0, 0, 0, 0, 0, 0, 0, 0, 0, 1, 2, 2, 2, 0, 0, 0, 0, 0, 0]",False
"Am Sonntag, dem 13. Mai 1470 wurden zuerst die Burg, dann die Stadt im Sturm genommen.",['im Sturm genommen'],['im Sturm genommen'],True,"['Am ', 'Sonntag', ', ', 'dem ', '13. ', 'Mai ', '1470 ', 'wurden ', 'zuerst ', 'die ', 'Burg', ', ', 'dann ', 'die ', 'Stadt ', 'im ', 'Sturm ', 'genommen', '.']","['O', 'O', 'O', 'O', 'O', 'O', 'O', 'O', 'O', 'O', 'O', 'O', 'O', 'O', 'O', 'B-IDIOM', 'I-IDIOM', 'I-IDIOM', 'O']","[0, 0, 0, 0, 0, 0, 0, 0, 0, 0, 0, 0, 0, 0, 0, 1, 2, 2, 0]",False
"Pollo und Monica holen den lebenden Feuerwehrmann heraus, der erklärt, dass einige Häftlinge versuchten, den Feuerwehrwagen zu übernehmen, weshalb er außer Kontrolle geriet.",['außer Kontrolle geriet'],['außer Kontrolle geriet'],True,"['Pollo ', 'und ', 'Monica ', 'holen ', 'den ', 'lebenden ', 'Feuerwehrmann ', 'heraus', ', ', 'der ', 'erklärt', ', ', 'dass ', 'einige ', 'Häftlinge ', 'versuchten', ', ', 'den ', 'Feuerwehrwagen ', 'zu ', 'übernehmen', ', ', 'weshalb ', 'er ', 'außer ', 'Kontrolle ', 'geriet', '.']","['O', 'O', 'O', 'O', 'O', 'O', 'O', 'O', 'O', 'O', 'O', 'O', 'O', 'O', 'O', 'O', 'O', 'O', 'O', 'O', 'O', 'O', 'O', 'O', 'B-IDIOM', 'I-IDIOM', 'I-IDIOM', 'O']","[0, 0, 0, 0, 0, 0, 0, 0, 0, 0, 0, 0, 0, 0, 0, 0, 0, 0, 0, 0, 0, 0, 0, 0, 1, 2, 2, 0]",False
"Die Geschichte von Rhampsinit wird heute als eine Art Satire bewertet, in denen ein König von einem bescheidenen Bürger zum Narren gehalten wird.",['zum  Narren  gehalten'],['zum Narren gehalten'],True,"['Die ', 'Geschichte ', 'von ', 'Rhampsinit ', 'wird ', 'heute ', 'als ', 'eine ', 'Art ', 'Satire ', 'bewertet', ', ', 'in ', 'denen ', 'ein ', 'König ', 'von ', 'einem ', 'bescheidenen ', 'Bürger ', 'zum ', 'Narren ', 'gehalten ', 'wird', '.']","['O', 'O', 'O', 'O', 'O', 'O', 'O', 'O', 'O', 'O', 'O', 'O', 'O', 'O', 'O', 'O', 'O', 'O', 'O', 'O', 'B-IDIOM', 'I-IDIOM', 'I-IDIOM', 'O', 'O']","[0, 0, 0, 0, 0, 0, 0, 0, 0, 0, 0, 0, 0, 0, 0, 0, 0, 0, 0, 0, 1, 2, 2, 0, 0]",False
"Das Gespräch zwischen den beiden ergibt, dass noch eine weitere Schwester existiert, Cammie, und dass Cammie oft über Nacht im Haus ihrer Freundin Sheila bleibt.",['über  Nacht'],[],False,"['Das ', 'Gespräch ', 'zwischen ', 'den ', 'beiden ', 'ergibt', ', ', 'dass ', 'noch ', 'eine ', 'weitere ', 'Schwester ', 'existiert', ', ', 'Cammie', ', ', 'und ', 'dass ', 'Cammie ', 'oft ', 'über ', 'Nacht ', 'im ', 'Haus ', 'ihrer ', 'Freundin ', 'Sheila ', 'bleibt', '.']","['O', 'O', 'O', 'O', 'O', 'O', 'O', 'O', 'O', 'O', 'O', 'O', 'O', 'O', 'O', 'O', 'O', 'O', 'O', 'O', 'O', 'O', 'O', 'O', 'O', 'O', 'O', 'O', 'O']","[0, 0, 0, 0, 0, 0, 0, 0, 0, 0, 0, 0, 0, 0, 0, 0, 0, 0, 0, 0, 0, 0, 0, 0, 0, 0, 0, 0, 0]",True
"Außerdem ist er einer der Unterstützer der Kampagne ""Justice for Andrew Jones"", die zum Ziel hat, die Mörder eines Jugendlichen vor Gericht zu bringen, der 2003 in Liverpool auf offener Straße zu Tode geprügelt wurde.",['auf offener Straße'],['auf offener Straße'],True,"['Außerdem ', 'ist ', 'er ', 'einer ', 'der ', 'Unterstützer ', 'der ', 'Kampagne ', '""', 'Justice ', 'for ', 'Andrew ', 'Jones', '""', ', ', 'die ', 'zum ', 'Ziel ', 'hat', ', ', 'die ', 'Mörder ', 'eines ', 'Jugendlichen ', 'vor ', 'Gericht ', 'zu ', 'bringen', ', ', 'der ', '2003 ', 'in ', 'Liverpool ', 'auf ', 'offener ', 'Straße ', 'zu ', 'Tode ', 'geprügelt ', 'wurde', '.']","['O', 'O', 'O', 'O', 'O', 'O', 'O', 'O', 'O', 'O', 'O', 'O', 'O', 'O', 'O', 'O', 'O', 'O', 'O', 'O', 'O', 'O', 'O', 'O', 'O', 'O', 'O', 'O', 'O', 'O', 'O', 'O', 'O', 'B-IDIOM', 'I-IDIOM', 'I-IDIOM', 'O', 'O', 'O', 'O', 'O']","[0, 0, 0, 0, 0, 0, 0, 0, 0, 0, 0, 0, 0, 0, 0, 0, 0, 0, 0, 0, 0, 0, 0, 0, 0, 0, 0, 0, 0, 0, 0, 0, 0, 1, 2, 2, 0, 0, 0, 0, 0]",False
Durch den Wind wurden 27 Häuser in der Region zerstört.,['durch den wind'],[],False,"['Durch ', 'den ', 'Wind ', 'wurden ', '27 ', 'Häuser ', 'in ', 'der ', 'Region ', 'zerstört', '.']","['O', 'O', 'O', 'O', 'O', 'O', 'O', 'O', 'O', 'O', 'O']","[0, 0, 0, 0, 0, 0, 0, 0, 0, 0, 0]",False
"Der vormalige „Lieblingsgeneral des Führers“ war bei Hitler in Ungnade gefallen, weil er kritische Lagevorträge zur Situation an der Westfront gehalten hatte.",['in Ungnade gefallen'],['in Ungnade gefallen'],True,"['Der ', 'vormalige ', '„', 'Lieblingsgeneral ', 'des ', 'Führers', '“ ', 'war ', 'bei ', 'Hitler ', 'in ', 'Ungnade ', 'gefallen', ', ', 'weil ', 'er ', 'kritische ', 'Lagevorträge ', 'zur ', 'Situation ', 'an ', 'der ', 'Westfront ', 'gehalten ', 'hatte', '.']","['O', 'O', 'O', 'O', 'O', 'O', 'O', 'O', 'O', 'O', 'B-IDIOM', 'I-IDIOM', 'I-IDIOM', 'O', 'O', 'O', 'O', 'O', 'O', 'O', 'O', 'O', 'O', 'O', 'O', 'O']","[0, 0, 0, 0, 0, 0, 0, 0, 0, 0, 1, 2, 2, 0, 0, 0, 0, 0, 0, 0, 0, 0, 0, 0, 0, 0]",False
"Als auch eine jüdische Nachbarin zu Tode kommt, beschließt Anna, auch aktiven Widerstand zu betreiben.",['zu  Tode  kommt'],['zu Tode kommt'],True,"['Als ', 'auch ', 'eine ', 'jüdische ', 'Nachbarin ', 'zu ', 'Tode ', 'kommt', ', ', 'beschließt ', 'Anna', ', ', 'auch ', 'aktiven ', 'Widerstand ', 'zu ', 'betreiben', '.']","['O', 'O', 'O', 'O', 'O', 'B-IDIOM', 'I-IDIOM', 'I-IDIOM', 'O', 'O', 'O', 'O', 'O', 'O', 'O', 'O', 'O', 'O']","[0, 0, 0, 0, 0, 1, 2, 2, 0, 0, 0, 0, 0, 0, 0, 0, 0, 0]",False
"Dadurch ist es Finanzinstituten weltweit möglich, ihren elektronischen Zahlungsverkehr in Franken und Euro mit der Schweiz rund um die Uhr in Echtzeit abzuwickeln.",['rund  um  die  Uhr'],['rund um die Uhr'],True,"['Dadurch ', 'ist ', 'es ', 'Finanzinstituten ', 'weltweit ', 'möglich', ', ', 'ihren ', 'elektronischen ', 'Zahlungsverkehr ', 'in ', 'Franken ', 'und ', 'Euro ', 'mit ', 'der ', 'Schweiz ', 'rund ', 'um ', 'die ', 'Uhr ', 'in ', 'Echtzeit ', 'abzuwickeln', '.']","['O', 'O', 'O', 'O', 'O', 'O', 'O', 'O', 'O', 'O', 'O', 'O', 'O', 'O', 'O', 'O', 'O', 'B-IDIOM', 'I-IDIOM', 'I-IDIOM', 'I-IDIOM', 'O', 'O', 'O', 'O']","[0, 0, 0, 0, 0, 0, 0, 0, 0, 0, 0, 0, 0, 0, 0, 0, 0, 1, 2, 2, 2, 0, 0, 0, 0]",False
"In der Episode beginnt der „Mann in Schwarz“ (Terry O’Quinn) seinen Plan zur Zerstörung der Insel in die Tat umzusetzen, während Jack Shephard (Matthew Fox) versucht, ihn ein für alle Mal aufzuhalten.",['ein für alle Mal'],['ein für alle Mal'],True,"['In ', 'der ', 'Episode ', 'beginnt ', 'der ', '„', 'Mann ', 'in ', 'Schwarz', '“ ', '(', 'Terry ', 'O', '’', 'Quinn', ') ', 'seinen ', 'Plan ', 'zur ', 'Zerstörung ', 'der ', 'Insel ', 'in ', 'die ', 'Tat ', 'umzusetzen', ', ', 'während ', 'Jack ', 'Shephard ', '(', 'Matthew ', 'Fox', ') ', 'versucht', ', ', 'ihn ', 'ein ', 'für ', 'alle ', 'Mal ', 'aufzuhalten', '.']","['O', 'O', 'O', 'O', 'O', 'O', 'O', 'O', 'O', 'O', 'O', 'O', 'O', 'O', 'O', 'O', 'O', 'O', 'O', 'O', 'O', 'O', 'O', 'O', 'O', 'O', 'O', 'O', 'O', 'O', 'O', 'O', 'O', 'O', 'O', 'O', 'O', 'B-IDIOM', 'I-IDIOM', 'I-IDIOM', 'I-IDIOM', 'O', 'O']","[0, 0, 0, 0, 0, 0, 0, 0, 0, 0, 0, 0, 0, 0, 0, 0, 0, 0, 0, 0, 0, 0, 0, 0, 0, 0, 0, 0, 0, 0, 0, 0, 0, 0, 0, 0, 0, 1, 2, 2, 2, 0, 0]",False
Oftmals wurde die Kohle über Nacht gestohlen.,['über  Nacht'],[],False,"['Oftmals ', 'wurde ', 'die ', 'Kohle ', 'über ', 'Nacht ', 'gestohlen', '.']","['O', 'O', 'O', 'O', 'O', 'O', 'O', 'O']","[0, 0, 0, 0, 0, 0, 0, 0]",True
"Die BusinessWeek publiziert jedes Jahr eine Liste der besten und aussichtsreichsten Studienprogramme, die Designdenken mit Wirtschaftsdenken verknüpfen (D-schools 2009 und D-school Programme 2009, die man im Auge behalten sollte).",['im Auge behalten'],['im Auge behalten'],True,"['Die ', 'BusinessWeek ', 'publiziert ', 'jedes ', 'Jahr ', 'eine ', 'Liste ', 'der ', 'besten ', 'und ', 'aussichtsreichsten ', 'Studienprogramme', ', ', 'die ', 'Designdenken ', 'mit ', 'Wirtschaftsdenken ', 'verknüpfen ', '(', 'D-schools ', '2009 ', 'und ', 'D-school ', 'Programme ', '2009', ', ', 'die ', 'man ', 'im ', 'Auge ', 'behalten ', 'sollte', ')', '.']","['O', 'O', 'O', 'O', 'O', 'O', 'O', 'O', 'O', 'O', 'O', 'O', 'O', 'O', 'O', 'O', 'O', 'O', 'O', 'O', 'O', 'O', 'O', 'O', 'O', 'O', 'O', 'O', 'B-IDIOM', 'I-IDIOM', 'I-IDIOM', 'O', 'O', 'O']","[0, 0, 0, 0, 0, 0, 0, 0, 0, 0, 0, 0, 0, 0, 0, 0, 0, 0, 0, 0, 0, 0, 0, 0, 0, 0, 0, 0, 1, 2, 2, 0, 0, 0]",False
"Daraufhin sagt Sarah, dass Jonathon ihre große Liebe sei.",['große Liebe'],['große Liebe'],True,"['Daraufhin ', 'sagt ', 'Sarah', ', ', 'dass ', 'Jonathon ', 'ihre ', 'große ', 'Liebe ', 'sei', '.']","['O', 'O', 'O', 'O', 'O', 'O', 'O', 'B-IDIOM', 'I-IDIOM', 'O', 'O']","[0, 0, 0, 0, 0, 0, 0, 1, 2, 0, 0]",False
"Wie dem auch sei, die Grenze existiert, und eine Ostfront ist geschaffen worden, welche Nazideutschland nicht zu erstürmen wagt.",['Wie  dem  auch  sei'],['Wie dem auch sei'],True,"['Wie ', 'dem ', 'auch ', 'sei', ', ', 'die ', 'Grenze ', 'existiert', ', ', 'und ', 'eine ', 'Ostfront ', 'ist ', 'geschaffen ', 'worden', ', ', 'welche ', 'Nazideutschland ', 'nicht ', 'zu ', 'erstürmen ', 'wagt', '.']","['B-IDIOM', 'I-IDIOM', 'I-IDIOM', 'I-IDIOM', 'O', 'O', 'O', 'O', 'O', 'O', 'O', 'O', 'O', 'O', 'O', 'O', 'O', 'O', 'O', 'O', 'O', 'O', 'O']","[1, 2, 2, 2, 0, 0, 0, 0, 0, 0, 0, 0, 0, 0, 0, 0, 0, 0, 0, 0, 0, 0, 0]",False
"Die Mutter besucht ihre Tochter nur ab und zu, aber während einer dieser Gelegenheiten kommt ihr die Idee, ihre Tochter sei ein potenzielles Fotomodell.",['ab und zu'],['ab und zu'],True,"['Die ', 'Mutter ', 'besucht ', 'ihre ', 'Tochter ', 'nur ', 'ab ', 'und ', 'zu', ', ', 'aber ', 'während ', 'einer ', 'dieser ', 'Gelegenheiten ', 'kommt ', 'ihr ', 'die ', 'Idee', ', ', 'ihre ', 'Tochter ', 'sei ', 'ein ', 'potenzielles ', 'Fotomodell', '.']","['O', 'O', 'O', 'O', 'O', 'O', 'B-IDIOM', 'I-IDIOM', 'I-IDIOM', 'O', 'O', 'O', 'O', 'O', 'O', 'O', 'O', 'O', 'O', 'O', 'O', 'O', 'O', 'O', 'O', 'O', 'O']","[0, 0, 0, 0, 0, 0, 1, 2, 2, 0, 0, 0, 0, 0, 0, 0, 0, 0, 0, 0, 0, 0, 0, 0, 0, 0, 0]",False
Wohl oder übel muss Beppi jetzt ernster genommen werden als bisher.,['Wohl  oder  übel'],['Wohl oder übel'],True,"['Wohl ', 'oder ', 'übel ', 'muss ', 'Beppi ', 'jetzt ', 'ernster ', 'genommen ', 'werden ', 'als ', 'bisher', '.']","['B-IDIOM', 'I-IDIOM', 'I-IDIOM', 'O', 'O', 'O', 'O', 'O', 'O', 'O', 'O', 'O']","[1, 2, 2, 0, 0, 0, 0, 0, 0, 0, 0, 0]",False
Christian trauerte lange seiner großen Liebe nach.,['großen Liebe'],['großen Liebe'],True,"['Christian ', 'trauerte ', 'lange ', 'seiner ', 'großen ', 'Liebe ', 'nach', '.']","['O', 'O', 'O', 'O', 'B-IDIOM', 'I-IDIOM', 'O', 'O']","[0, 0, 0, 0, 1, 2, 0, 0]",False
"Das Feuer war bis 21:00 Uhr (00:00 UTC 3. September) außer Kontrolle geraten, es gab große Flammen und gelegentliche Explosionen, und wurde von Feuerwehrleuten aus vier Sektoren bekämpft.",['außer Kontrolle geraten'],['außer Kontrolle geraten'],True,"['Das ', 'Feuer ', 'war ', 'bis ', '21:00 ', 'Uhr ', '(', '00:00 ', 'UTC ', '3. ', 'September', ') ', 'außer ', 'Kontrolle ', 'geraten', ', ', 'es ', 'gab ', 'große ', 'Flammen ', 'und ', 'gelegentliche ', 'Explosionen', ', ', 'und ', 'wurde ', 'von ', 'Feuerwehrleuten ', 'aus ', 'vier ', 'Sektoren ', 'bekämpft', '.']","['O', 'O', 'O', 'O', 'O', 'O', 'O', 'O', 'O', 'O', 'O', 'O', 'B-IDIOM', 'I-IDIOM', 'I-IDIOM', 'O', 'O', 'O', 'O', 'O', 'O', 'O', 'O', 'O', 'O', 'O', 'O', 'O', 'O', 'O', 'O', 'O', 'O']","[0, 0, 0, 0, 0, 0, 0, 0, 0, 0, 0, 0, 1, 2, 2, 0, 0, 0, 0, 0, 0, 0, 0, 0, 0, 0, 0, 0, 0, 0, 0, 0, 0]",False
"Oft studierte er mit seinem Vater unter vier Augen, und was er von ihm gehört hatte, schrieb er in sein persönliches Notizbuch.",['unter  vier  Augen'],['unter vier Augen'],True,"['Oft ', 'studierte ', 'er ', 'mit ', 'seinem ', 'Vater ', 'unter ', 'vier ', 'Augen', ', ', 'und ', 'was ', 'er ', 'von ', 'ihm ', 'gehört ', 'hatte', ', ', 'schrieb ', 'er ', 'in ', 'sein ', 'persönliches ', 'Notizbuch', '.']","['O', 'O', 'O', 'O', 'O', 'O', 'B-IDIOM', 'I-IDIOM', 'I-IDIOM', 'O', 'O', 'O', 'O', 'O', 'O', 'O', 'O', 'O', 'O', 'O', 'O', 'O', 'O', 'O', 'O']","[0, 0, 0, 0, 0, 0, 1, 2, 2, 0, 0, 0, 0, 0, 0, 0, 0, 0, 0, 0, 0, 0, 0, 0, 0]",False
"Ich danke allen von ganzem Herzen, die mir dies ermöglicht haben.",['von  ganzem  Herzen'],['von ganzem Herzen'],True,"['Ich ', 'danke ', 'allen ', 'von ', 'ganzem ', 'Herzen', ', ', 'die ', 'mir ', 'dies ', 'ermöglicht ', 'haben', '.']","['O', 'O', 'O', 'B-IDIOM', 'I-IDIOM', 'I-IDIOM', 'O', 'O', 'O', 'O', 'O', 'O', 'O']","[0, 0, 0, 1, 2, 2, 0, 0, 0, 0, 0, 0, 0]",False
"Lemon Drop sind sehr ertragreiche Chilipflanzen, in einem Jahr kann eine Pflanze über 100 Früchte tragen.",['Früchte tragen'],[],False,"['Lemon ', 'Drop ', 'sind ', 'sehr ', 'ertragreiche ', 'Chilipflanzen', ', ', 'in ', 'einem ', 'Jahr ', 'kann ', 'eine ', 'Pflanze ', 'über ', '100 ', 'Früchte ', 'tragen', '.']","['O', 'O', 'O', 'O', 'O', 'O', 'O', 'O', 'O', 'O', 'O', 'O', 'O', 'O', 'O', 'O', 'O', 'O']","[0, 0, 0, 0, 0, 0, 0, 0, 0, 0, 0, 0, 0, 0, 0, 0, 0, 0]",True
Ein Rettungswagen der Firma MKT ist zudem rund um die Uhr an der FW 8 stationiert.,['rund  um  die  Uhr'],['rund um die Uhr'],True,"['Ein ', 'Rettungswagen ', 'der ', 'Firma ', 'MKT ', 'ist ', 'zudem ', 'rund ', 'um ', 'die ', 'Uhr ', 'an ', 'der ', 'FW ', '8 ', 'stationiert', '.']","['O', 'O', 'O', 'O', 'O', 'O', 'O', 'B-IDIOM', 'I-IDIOM', 'I-IDIOM', 'I-IDIOM', 'O', 'O', 'O', 'O', 'O', 'O']","[0, 0, 0, 0, 0, 0, 0, 1, 2, 2, 2, 0, 0, 0, 0, 0, 0]",False
"Mit verschwindenden Schuldnern und leihunwilligen Banken ist es kein Wunder, dass nach fast drei Jahren mit Niedrigzinsrekorden und massiven Liquiditätsspritzen die Industrieökonomien immer noch so schlecht dastehen.",['kein  Wunder'],['kein Wunder'],True,"['Mit ', 'verschwindenden ', 'Schuldnern ', 'und ', 'leihunwilligen ', 'Banken ', 'ist ', 'es ', 'kein ', 'Wunder', ', ', 'dass ', 'nach ', 'fast ', 'drei ', 'Jahren ', 'mit ', 'Niedrigzinsrekorden ', 'und ', 'massiven ', 'Liquiditätsspritzen ', 'die ', 'Industrieökonomien ', 'immer ', 'noch ', 'so ', 'schlecht ', 'dastehen', '.']","['O', 'O', 'O', 'O', 'O', 'O', 'O', 'O', 'B-IDIOM', 'I-IDIOM', 'O', 'O', 'O', 'O', 'O', 'O', 'O', 'O', 'O', 'O', 'O', 'O', 'O', 'O', 'O', 'O', 'O', 'O', 'O']","[0, 0, 0, 0, 0, 0, 0, 0, 1, 2, 0, 0, 0, 0, 0, 0, 0, 0, 0, 0, 0, 0, 0, 0, 0, 0, 0, 0, 0]",False
"Exzellente Produktion- ein richtig fetter Sound; eine Menge Energie und exzellente Lieder, die man nicht mehr aus dem Kopf bekommt.",['aus dem Kopf'],['aus dem Kopf'],True,"['Exzellente ', 'Produktion- ', 'ein ', 'richtig ', 'fetter ', 'Sound', '; ', 'eine ', 'Menge ', 'Energie ', 'und ', 'exzellente ', 'Lieder', ', ', 'die ', 'man ', 'nicht ', 'mehr ', 'aus ', 'dem ', 'Kopf ', 'bekommt', '.']","['O', 'O', 'O', 'O', 'O', 'O', 'O', 'O', 'O', 'O', 'O', 'O', 'O', 'O', 'O', 'O', 'O', 'O', 'B-IDIOM', 'I-IDIOM', 'I-IDIOM', 'O', 'O']","[0, 0, 0, 0, 0, 0, 0, 0, 0, 0, 0, 0, 0, 0, 0, 0, 0, 0, 1, 2, 2, 0, 0]",False
"Als die Xinhai-Revolution Shaanxi erreichte, wodurch acht Ausländer zu Tode kamen, wurde eine Evakuierung aller Missionare und Ausländer geplant.",['zu  Tode  kamen'],['zu Tode kamen'],True,"['Als ', 'die ', 'Xinhai-Revolution ', 'Shaanxi ', 'erreichte', ', ', 'wodurch ', 'acht ', 'Ausländer ', 'zu ', 'Tode ', 'kamen', ', ', 'wurde ', 'eine ', 'Evakuierung ', 'aller ', 'Missionare ', 'und ', 'Ausländer ', 'geplant', '.']","['O', 'O', 'O', 'O', 'O', 'O', 'O', 'O', 'O', 'B-IDIOM', 'I-IDIOM', 'I-IDIOM', 'O', 'O', 'O', 'O', 'O', 'O', 'O', 'O', 'O', 'O']","[0, 0, 0, 0, 0, 0, 0, 0, 0, 1, 2, 2, 0, 0, 0, 0, 0, 0, 0, 0, 0, 0]",False
"Am folgenden Tag erklärten zwei führende Mitglieder der jüdischen Gemeinde, dass Jacksons Versuch, ein Lied gegen Diskriminierung zu verfassen, wohl nach hinten losgegangen sei.",['nach  hinten  losgegangen'],['nach hinten losgegangen'],True,"['Am ', 'folgenden ', 'Tag ', 'erklärten ', 'zwei ', 'führende ', 'Mitglieder ', 'der ', 'jüdischen ', 'Gemeinde', ', ', 'dass ', 'Jacksons ', 'Versuch', ', ', 'ein ', 'Lied ', 'gegen ', 'Diskriminierung ', 'zu ', 'verfassen', ', ', 'wohl ', 'nach ', 'hinten ', 'losgegangen ', 'sei', '.']","['O', 'O', 'O', 'O', 'O', 'O', 'O', 'O', 'O', 'O', 'O', 'O', 'O', 'O', 'O', 'O', 'O', 'O', 'O', 'O', 'O', 'O', 'O', 'B-IDIOM', 'I-IDIOM', 'I-IDIOM', 'O', 'O']","[0, 0, 0, 0, 0, 0, 0, 0, 0, 0, 0, 0, 0, 0, 0, 0, 0, 0, 0, 0, 0, 0, 0, 1, 2, 2, 0, 0]",False
In den Monaten zuvor war die Umsetzung des Minsker Abkommens wiederholt ins Stocken geraten.,['ins Stocken geraten'],['ins Stocken geraten'],True,"['In ', 'den ', 'Monaten ', 'zuvor ', 'war ', 'die ', 'Umsetzung ', 'des ', 'Minsker ', 'Abkommens ', 'wiederholt ', 'ins ', 'Stocken ', 'geraten', '.']","['O', 'O', 'O', 'O', 'O', 'O', 'O', 'O', 'O', 'O', 'O', 'B-IDIOM', 'I-IDIOM', 'I-IDIOM', 'O']","[0, 0, 0, 0, 0, 0, 0, 0, 0, 0, 0, 1, 2, 2, 0]",False
"Eriksson ist entsetzt, dass ihre Tanten Eva bei diesem Wetter einen so langen Weg haben laufen lassen nur um Kartoffelmehl zu holen.",['laufen lassen'],[],False,"['Eriksson ', 'ist ', 'entsetzt', ', ', 'dass ', 'ihre ', 'Tanten ', 'Eva ', 'bei ', 'diesem ', 'Wetter ', 'einen ', 'so ', 'langen ', 'Weg ', 'haben ', 'laufen ', 'lassen ', 'nur ', 'um ', 'Kartoffelmehl ', 'zu ', 'holen', '.']","['O', 'O', 'O', 'O', 'O', 'O', 'O', 'O', 'O', 'O', 'O', 'O', 'O', 'O', 'O', 'O', 'O', 'O', 'O', 'O', 'O', 'O', 'O', 'O']","[0, 0, 0, 0, 0, 0, 0, 0, 0, 0, 0, 0, 0, 0, 0, 0, 0, 0, 0, 0, 0, 0, 0, 0]",False
"Im Mai 2006 prügelte er sich in Paris auf offener Straße mit zwei jüdischen Teenagern, von denen er einen mit Tränengas besprühte.",['auf offener Straße'],['auf offener Straße'],True,"['Im ', 'Mai ', '2006 ', 'prügelte ', 'er ', 'sich ', 'in ', 'Paris ', 'auf ', 'offener ', 'Straße ', 'mit ', 'zwei ', 'jüdischen ', 'Teenagern', ', ', 'von ', 'denen ', 'er ', 'einen ', 'mit ', 'Tränengas ', 'besprühte', '.']","['O', 'O', 'O', 'O', 'O', 'O', 'O', 'O', 'B-IDIOM', 'I-IDIOM', 'I-IDIOM', 'O', 'O', 'O', 'O', 'O', 'O', 'O', 'O', 'O', 'O', 'O', 'O', 'O']","[0, 0, 0, 0, 0, 0, 0, 0, 1, 2, 2, 0, 0, 0, 0, 0, 0, 0, 0, 0, 0, 0, 0, 0]",False
"Der vorherrschende Glaube in NAWSA war, dass der Erfolg in einem großen Staat des Ostens das Zünglein an der Waage für die allgemeine Kampagne sein würde.",['Zünglein  an  der  Waage'],['Zünglein an der Waage'],True,"['Der ', 'vorherrschende ', 'Glaube ', 'in ', 'NAWSA ', 'war', ', ', 'dass ', 'der ', 'Erfolg ', 'in ', 'einem ', 'großen ', 'Staat ', 'des ', 'Ostens ', 'das ', 'Zünglein ', 'an ', 'der ', 'Waage ', 'für ', 'die ', 'allgemeine ', 'Kampagne ', 'sein ', 'würde', '.']","['O', 'O', 'O', 'O', 'O', 'O', 'O', 'O', 'O', 'O', 'O', 'O', 'O', 'O', 'O', 'O', 'O', 'B-IDIOM', 'I-IDIOM', 'I-IDIOM', 'I-IDIOM', 'O', 'O', 'O', 'O', 'O', 'O', 'O']","[0, 0, 0, 0, 0, 0, 0, 0, 0, 0, 0, 0, 0, 0, 0, 0, 0, 1, 2, 2, 2, 0, 0, 0, 0, 0, 0, 0]",False
Niemand verschwindet einfach so.,['einfach so'],['einfach so'],True,"['Niemand ', 'verschwindet ', 'einfach ', 'so', '.']","['O', 'O', 'B-IDIOM', 'I-IDIOM', 'O']","[0, 0, 1, 2, 0]",False
Die Verwurzelung des Meisters des Aachener Altars in der Kölner Malerei steht außer Frage.,['außer Frage'],['außer Frage'],True,"['Die ', 'Verwurzelung ', 'des ', 'Meisters ', 'des ', 'Aachener ', 'Altars ', 'in ', 'der ', 'Kölner ', 'Malerei ', 'steht ', 'außer ', 'Frage', '.']","['O', 'O', 'O', 'O', 'O', 'O', 'O', 'O', 'O', 'O', 'O', 'O', 'B-IDIOM', 'I-IDIOM', 'O']","[0, 0, 0, 0, 0, 0, 0, 0, 0, 0, 0, 0, 1, 2, 0]",False
"Laut Harmon: „Ich glaube nicht, dass jemand eine dritte Staffel machen will, die einfach eine ganze Reihe von Episoden damit verbringt, sich mit einer Situation zu beschäftigen, die wir am Ende der zweiten Staffel geschaffen haben, also denke ich, das ist eine nicht-spoilerische Art zu sagen, dass die Dinge ziemlich schnell in Ordnung sein sollten“.",['in Ordnung sein'],['in Ordnung sein'],True,"['Laut ', 'Harmon', ': ', '„', 'Ich ', 'glaube ', 'nicht', ', ', 'dass ', 'jemand ', 'eine ', 'dritte ', 'Staffel ', 'machen ', 'will', ', ', 'die ', 'einfach ', 'eine ', 'ganze ', 'Reihe ', 'von ', 'Episoden ', 'damit ', 'verbringt', ', ', 'sich ', 'mit ', 'einer ', 'Situation ', 'zu ', 'beschäftigen', ', ', 'die ', 'wir ', 'am ', 'Ende ', 'der ', 'zweiten ', 'Staffel ', 'geschaffen ', 'haben', ', ', 'also ', 'denke ', 'ich', ', ', 'das ', 'ist ', 'eine ', 'nicht-spoilerische ', 'Art ', 'zu ', 'sagen', ', ', 'dass ', 'die ', 'Dinge ', 'ziemlich ', 'schnell ', 'in ', 'Ordnung ', 'sein ', 'sollten', '“', '.']","['O', 'O', 'O', 'O', 'O', 'O', 'O', 'O', 'O', 'O', 'O', 'O', 'O', 'O', 'O', 'O', 'O', 'O', 'O', 'O', 'O', 'O', 'O', 'O', 'O', 'O', 'O', 'O', 'O', 'O', 'O', 'O', 'O', 'O', 'O', 'O', 'O', 'O', 'O', 'O', 'O', 'O', 'O', 'O', 'O', 'O', 'O', 'O', 'O', 'O', 'O', 'O', 'O', 'O', 'O', 'O', 'O', 'O', 'O', 'O', 'B-IDIOM', 'I-IDIOM', 'I-IDIOM', 'O', 'O', 'O']","[0, 0, 0, 0, 0, 0, 0, 0, 0, 0, 0, 0, 0, 0, 0, 0, 0, 0, 0, 0, 0, 0, 0, 0, 0, 0, 0, 0, 0, 0, 0, 0, 0, 0, 0, 0, 0, 0, 0, 0, 0, 0, 0, 0, 0, 0, 0, 0, 0, 0, 0, 0, 0, 0, 0, 0, 0, 0, 0, 0, 1, 2, 2, 0, 0, 0]",False
Oder sollten sie gezielt K. im Auge behalten?,['im Auge behalten'],['im Auge behalten'],True,"['Oder ', 'sollten ', 'sie ', 'gezielt ', 'K. ', 'im ', 'Auge ', 'behalten', '?']","['O', 'O', 'O', 'O', 'O', 'B-IDIOM', 'I-IDIOM', 'I-IDIOM', 'O']","[0, 0, 0, 0, 0, 1, 2, 2, 0]",False
"Ab 1960 standen rund um die Uhr zwei mit taktischen Atomwaffen beladene Canberra in Alarmbereitschaft, die innerhalb von 15 Minuten startklar waren.",['rund  um  die  Uhr'],['rund um die Uhr'],True,"['Ab ', '1960 ', 'standen ', 'rund ', 'um ', 'die ', 'Uhr ', 'zwei ', 'mit ', 'taktischen ', 'Atomwaffen ', 'beladene ', 'Canberra ', 'in ', 'Alarmbereitschaft', ', ', 'die ', 'innerhalb ', 'von ', '15 ', 'Minuten ', 'startklar ', 'waren', '.']","['O', 'O', 'O', 'B-IDIOM', 'I-IDIOM', 'I-IDIOM', 'I-IDIOM', 'O', 'O', 'O', 'O', 'O', 'O', 'O', 'O', 'O', 'O', 'O', 'O', 'O', 'O', 'O', 'O', 'O']","[0, 0, 0, 1, 2, 2, 2, 0, 0, 0, 0, 0, 0, 0, 0, 0, 0, 0, 0, 0, 0, 0, 0, 0]",False
"Während dieser Zeit arbeitete Blizzard jedoch hinter den Kulissen, um potentielle Teammitglieder zu engagieren, die sich zurückhalten wollten, um große, umfassende Ankündigungen anstelle von Informationen zu liefern.",['hinter den Kulissen'],['hinter den Kulissen'],True,"['Während ', 'dieser ', 'Zeit ', 'arbeitete ', 'Blizzard ', 'jedoch ', 'hinter ', 'den ', 'Kulissen', ', ', 'um ', 'potentielle ', 'Teammitglieder ', 'zu ', 'engagieren', ', ', 'die ', 'sich ', 'zurückhalten ', 'wollten', ', ', 'um ', 'große', ', ', 'umfassende ', 'Ankündigungen ', 'anstelle ', 'von ', 'Informationen ', 'zu ', 'liefern', '.']","['O', 'O', 'O', 'O', 'O', 'O', 'B-IDIOM', 'I-IDIOM', 'I-IDIOM', 'O', 'O', 'O', 'O', 'O', 'O', 'O', 'O', 'O', 'O', 'O', 'O', 'O', 'O', 'O', 'O', 'O', 'O', 'O', 'O', 'O', 'O', 'O']","[0, 0, 0, 0, 0, 0, 1, 2, 2, 0, 0, 0, 0, 0, 0, 0, 0, 0, 0, 0, 0, 0, 0, 0, 0, 0, 0, 0, 0, 0, 0, 0]",False
"Es folgten Jahre mit „normaler“ Instrumentierung, ab und zu unterstützt von Geige oder Saxophon.",['ab und zu'],['ab und zu'],True,"['Es ', 'folgten ', 'Jahre ', 'mit ', '„', 'normaler', '“ ', 'Instrumentierung', ', ', 'ab ', 'und ', 'zu ', 'unterstützt ', 'von ', 'Geige ', 'oder ', 'Saxophon', '.']","['O', 'O', 'O', 'O', 'O', 'O', 'O', 'O', 'O', 'B-IDIOM', 'I-IDIOM', 'I-IDIOM', 'O', 'O', 'O', 'O', 'O', 'O']","[0, 0, 0, 0, 0, 0, 0, 0, 0, 1, 2, 2, 0, 0, 0, 0, 0, 0]",False
"Mit anderen Worten: Eine Paarung ist stabil, wenn kein Match (A, B) existiert, bei dem sowohl A als auch B individuell bessergestellt wären als mit dem Element, mit dem sie gerade gematcht sind.",['Mit  anderen  Worten'],[],False,"['Mit ', 'anderen ', 'Worten', ': ', 'Eine ', 'Paarung ', 'ist ', 'stabil', ', ', 'wenn ', 'kein ', 'Match ', '(', 'A', ', ', 'B', ') ', 'existiert', ', ', 'bei ', 'dem ', 'sowohl ', 'A ', 'als ', 'auch ', 'B ', 'individuell ', 'bessergestellt ', 'wären ', 'als ', 'mit ', 'dem ', 'Element', ', ', 'mit ', 'dem ', 'sie ', 'gerade ', 'gematcht ', 'sind', '.']","['O', 'O', 'O', 'O', 'O', 'O', 'O', 'O', 'O', 'O', 'O', 'O', 'O', 'O', 'O', 'O', 'O', 'O', 'O', 'O', 'O', 'O', 'O', 'O', 'O', 'O', 'O', 'O', 'O', 'O', 'O', 'O', 'O', 'O', 'O', 'O', 'O', 'O', 'O', 'O', 'O']","[0, 0, 0, 0, 0, 0, 0, 0, 0, 0, 0, 0, 0, 0, 0, 0, 0, 0, 0, 0, 0, 0, 0, 0, 0, 0, 0, 0, 0, 0, 0, 0, 0, 0, 0, 0, 0, 0, 0, 0, 0]",True
"Er führte einige Neuerungen und Verbesserungen ein, die zum Teil auch bei dieser Amphora zum Tragen kommen.",['zum  Tragen  kommen'],['zum Tragen kommen'],True,"['Er ', 'führte ', 'einige ', 'Neuerungen ', 'und ', 'Verbesserungen ', 'ein', ', ', 'die ', 'zum ', 'Teil ', 'auch ', 'bei ', 'dieser ', 'Amphora ', 'zum ', 'Tragen ', 'kommen', '.']","['O', 'O', 'O', 'O', 'O', 'O', 'O', 'O', 'O', 'O', 'O', 'O', 'O', 'O', 'O', 'B-IDIOM', 'I-IDIOM', 'I-IDIOM', 'O']","[0, 0, 0, 0, 0, 0, 0, 0, 0, 0, 0, 0, 0, 0, 0, 1, 2, 2, 0]",False
Die Neue Demokratische Partei (Nachfolgerin der CCF) und die Social Credit Party spielten im neuen Parlament das Zünglein an der Waage.,['Zünglein  an  der  Waage'],['Zünglein an der Waage'],True,"['Die ', 'Neue ', 'Demokratische ', 'Partei ', '(', 'Nachfolgerin ', 'der ', 'CCF', ') ', 'und ', 'die ', 'Social ', 'Credit ', 'Party ', 'spielten ', 'im ', 'neuen ', 'Parlament ', 'das ', 'Zünglein ', 'an ', 'der ', 'Waage', '.']","['O', 'O', 'O', 'O', 'O', 'O', 'O', 'O', 'O', 'O', 'O', 'O', 'O', 'O', 'O', 'O', 'O', 'O', 'O', 'B-IDIOM', 'I-IDIOM', 'I-IDIOM', 'I-IDIOM', 'O']","[0, 0, 0, 0, 0, 0, 0, 0, 0, 0, 0, 0, 0, 0, 0, 0, 0, 0, 0, 1, 2, 2, 2, 0]",False
"Der Brand begann, als ein kleines Feuer im Palace Cafe auf der Südseite der Straße am Memorial Day etwa um 4 Uhr morgens außer Kontrolle geriet.",['außer Kontrolle geriet'],['außer Kontrolle geriet'],True,"['Der ', 'Brand ', 'begann', ', ', 'als ', 'ein ', 'kleines ', 'Feuer ', 'im ', 'Palace ', 'Cafe ', 'auf ', 'der ', 'Südseite ', 'der ', 'Straße ', 'am ', 'Memorial ', 'Day ', 'etwa ', 'um ', '4 ', 'Uhr ', 'morgens ', 'außer ', 'Kontrolle ', 'geriet', '.']","['O', 'O', 'O', 'O', 'O', 'O', 'O', 'O', 'O', 'O', 'O', 'O', 'O', 'O', 'O', 'O', 'O', 'O', 'O', 'O', 'O', 'O', 'O', 'O', 'B-IDIOM', 'I-IDIOM', 'I-IDIOM', 'O']","[0, 0, 0, 0, 0, 0, 0, 0, 0, 0, 0, 0, 0, 0, 0, 0, 0, 0, 0, 0, 0, 0, 0, 0, 1, 2, 2, 0]",False
"Baldwin kehrte allerdings mit leeren Händen nach Richmond zurück, als er und Lincoln feststellten, dass sie aneinander vorbeigeredet hatten.",['mit  leeren  Händen'],['mit leeren Händen'],True,"['Baldwin ', 'kehrte ', 'allerdings ', 'mit ', 'leeren ', 'Händen ', 'nach ', 'Richmond ', 'zurück', ', ', 'als ', 'er ', 'und ', 'Lincoln ', 'feststellten', ', ', 'dass ', 'sie ', 'aneinander ', 'vorbeigeredet ', 'hatten', '.']","['O', 'O', 'O', 'B-IDIOM', 'I-IDIOM', 'I-IDIOM', 'O', 'O', 'O', 'O', 'O', 'O', 'O', 'O', 'O', 'O', 'O', 'O', 'O', 'O', 'O', 'O']","[0, 0, 0, 1, 2, 2, 0, 0, 0, 0, 0, 0, 0, 0, 0, 0, 0, 0, 0, 0, 0, 0]",False
"Sandy und Rose sind die zwei Mädchen, für die Jean Brodie die meisten Hoffnungen hat, dass sie eines Tages zur crème de la crème gehören werden.",['crème de la crème'],['crème de la crème'],True,"['Sandy ', 'und ', 'Rose ', 'sind ', 'die ', 'zwei ', 'Mädchen', ', ', 'für ', 'die ', 'Jean ', 'Brodie ', 'die ', 'meisten ', 'Hoffnungen ', 'hat', ', ', 'dass ', 'sie ', 'eines ', 'Tages ', 'zur ', 'crème ', 'de ', 'la ', 'crème ', 'gehören ', 'werden', '.']","['O', 'O', 'O', 'O', 'O', 'O', 'O', 'O', 'O', 'O', 'O', 'O', 'O', 'O', 'O', 'O', 'O', 'O', 'O', 'O', 'O', 'O', 'B-IDIOM', 'I-IDIOM', 'I-IDIOM', 'I-IDIOM', 'O', 'O', 'O']","[0, 0, 0, 0, 0, 0, 0, 0, 0, 0, 0, 0, 0, 0, 0, 0, 0, 0, 0, 0, 0, 0, 1, 2, 2, 2, 0, 0, 0]",False
"Soldaten im englischen Zentrum und auf der rechten Seite überraschten die Männer von Leslie, wurden jedoch von den langen Piken ihrer schottischen Gegner in Schach gehalten.",['in Schach gehalten'],['in Schach gehalten'],True,"['Soldaten ', 'im ', 'englischen ', 'Zentrum ', 'und ', 'auf ', 'der ', 'rechten ', 'Seite ', 'überraschten ', 'die ', 'Männer ', 'von ', 'Leslie', ', ', 'wurden ', 'jedoch ', 'von ', 'den ', 'langen ', 'Piken ', 'ihrer ', 'schottischen ', 'Gegner ', 'in ', 'Schach ', 'gehalten', '.']","['O', 'O', 'O', 'O', 'O', 'O', 'O', 'O', 'O', 'O', 'O', 'O', 'O', 'O', 'O', 'O', 'O', 'O', 'O', 'O', 'O', 'O', 'O', 'O', 'B-IDIOM', 'I-IDIOM', 'I-IDIOM', 'O']","[0, 0, 0, 0, 0, 0, 0, 0, 0, 0, 0, 0, 0, 0, 0, 0, 0, 0, 0, 0, 0, 0, 0, 0, 1, 2, 2, 0]",False
