sentence,PIE,variant_sentence
The bullet hit the book in his pocket.,['hit the book'],"As a part of his experimental art piece about the failures of the education system, the artist set up a firing range in a replica classroom, and for the finale, the bullet hit the book in his pocket."
Ostriches bury their head in the sand.,['bury their head in the sand'],"The board ignored all warnings of imminent bankruptcy, preferring to discuss the new coffee machine; this response to crisis perfectly demonstrates the flawed survival instinct whereby ostriches bury their head in the sand."
Do some animals really bury their head in the sand?,['bury their head in the sand'],"Watching our friend ignore all the obvious red flags in his failing relationship was painful, and after he defended his partner's blatant lies once again, I began to wonder about the very nature of self-deception, eventually asking my wife, do some animals really bury their head in the sand?"
A rock has broken the ice covering a lake.,['broken the ice'],"During their painfully awkward first date, neither of the painfully shy geologists knew what to say as they walked along the shore, and just when the silence became truly unbearable, a rock has broken the ice covering a lake."
The patient rang the bell 20 minutes ago.,['rang the bell'],"During the cognitive therapy session, which used a quiz format where correct answers were signaled with a desk bell, the supervising doctor asked if there had been any breakthroughs, and the therapist confirmed the patient rang the bell 20 minutes ago."
balloons are floating up in the air.,['up in the air'],"After the board meeting where the project's final budget and launch date were both left completely undecided, the manager stared at the decorations in the atrium and noted that the company's celebratory balloons are floating up in the air."
Back muscles must be used to keep balance on the ball.,['on the ball'],"To succeed in this demanding new project, every team member must be incredibly quick-thinking and efficient, so remember that during these corporate wellness initiatives, back muscles must be used to keep balance on the ball."
Abdominals are used to keep balance on the ball and lift your arms.,['on the ball'],"During the corporate leadership seminar, the facilitator explained that managing multiple urgent tasks requires full engagement and focus, as abdominals are used to keep balance on the ball and lift your arms."
I think I can get over 100 dollars.,['get over'],"Selling my ex's old record collection is emotionally difficult since he always claimed it was worth exactly one hundred dollars, but after seeing the online auction bids, I think I can get over 100 dollars."
I'd have a piece of cake.,['piece of cake'],"My coach presented two final routines for the competition: a high-difficulty tumbling pass or a basic floor exercise, and when he asked which one I felt ready to commit to while we passed the team's snack table, I told him, I'd have a piece of cake."
"Her aunt is a great cook, do you want a piece of cake?",['piece of cake'],"After listening to him worry for twenty minutes about the final exam, she tried to reassure him about how prepared he was for what should be a simple test; her aunt is a great cook, do you want a piece of cake?"
Bathing in hot water can be dangerous.,['in hot water'],"The corporate lawyer warned the executive, who was already facing a federal investigation for fraud, that during the upcoming wellness retreat, bathing in hot water can be dangerous."
What are the effects of bathing in hot water?,['in hot water'],"The therapist listened as her client described both his recent confession to embezzlement and his new coping mechanism of taking scalding baths to manage the stress, prompting her to gently ask, what are the effects of bathing in hot water?"
"I must have switched cups, this is not my cup of tea.",['not my cup of tea'],"As my friend launched into a detailed, hour-long monologue about the intricacies of tax law during our afternoon break, I took a tentative sip from the mug in front of me, I must have switched cups, this is not my cup of tea."
"This is not my cup of tea, it's yours, in fact I hate black tea.",['not my cup of tea'],"After an hour of listening to the incredibly niche lecture on soil composition, I saw your confused look when you handed me a drink and I immediately pushed it back, explaining my general disinterest; this is not my cup of tea, it's yours, in fact I hate black tea."
I love bread and butter for breakfast.,['bread and butter'],"As the owner of a small artisanal bakery whose livelihood depends entirely on our most basic and popular product, my professional and personal tastes have completely merged; I love bread and butter for breakfast."
Here are your sardines with bread and butter.,['bread and butter'],"At the tense business lunch, the CEO explained to the new executive which two product lines were absolutely foundational to their seafood company's survival, and as the waiter set down the appetizer, he gestured to the plate and said, here are your sardines with bread and butter."
I only bought a lemon and two oranges.,['a lemon'],"After spending all day at the auto salvage yard looking for parts for our classic car restoration projects, my partner asked if I had any luck finding the rare 'Citron' model and some 'Orange' brand carburetors, but I told him I only bought a lemon and two oranges."
Would you please buy a lemon for my cake?,['a lemon'],"After spending all day arguing with the used car dealership about my faulty vehicle, I'm completely exhausted and just realized I'm missing an ingredient for dessert, so would you please buy a lemon for my cake?"
I'd need you to buy a lemon and some sugar for tonight.,['a lemon'],"My brother just got swindled at that shady used car dealership, and now we're all trying to cheer him up with a small get-together, so on your way over, I'd need you to buy a lemon and some sugar for tonight."
The police will turn a blind eye once.,['turn a blind eye'],"The junior officer was nervous about handling the department's antique mannequin, which was used for historical displays and had a damaged glass eye, but the curator assured him that for the annual cleaning protocol, the police will turn a blind eye once."
"Come on, spill the beans now, I wanna know!",['spill the beans'],"The new intern was about to drop the entire bag of rare coffee beans she was carrying while also looking like she had some explosive industry gossip, so her manager urged her with a mix of panic and curiosity, come on, spill the beans now, I wanna know!"
"After meeting him, she was walking on air.",['walking on air'],"At the new circus, she was practicing her routine on a transparent high wire suspended over the main floor, which created an incredible illusion for the audience below; after meeting him, she was walking on air."
I really got a kick out of that clown's juggling act.,['got a kick out of'],"After my friend, the semi-professional soccer player who moonlights as a circus performer, showed me his new routine launching balls with his feet, I really got a kick out of that clown's juggling act."
The ship broke the ice all the way.,['broke the ice'],"During the tense diplomatic summit held aboard the arctic research vessel, the lead negotiator's unexpected joke finally got everyone to relax, and as the vessel resumed its journey, the ship broke the ice all the way."
This is a perfect way to break the ice and start the conversation.,['break the ice'],"The new recruits for the Antarctic research mission stood awkwardly by the frozen fjord, unsure how to begin their first team-building exercise which involved moving equipment across the water, so when the leader handed them a large mallet, he knew this is a perfect way to break the ice and start the conversation."
I thought you rang the bell.,['rang the bell'],"As we sorted through the old case files trying to remember the witness's name, a chime from the front door echoed through the office, and I looked at my partner and said ""I thought you rang the bell""."
Would you like a piece of cake.,['piece of cake'],"
After explaining the incredibly complex quantum physics problem to the advanced students, the professor turned to the new recruit who looked overwhelmed and asked 'Would you like a piece of cake'."
The test was a piece of cake!,['piece of cake'],"In the final stage of the culinary exam, where students had to identify the composition of a mystery dessert by taste alone, the last item presented was a simple slice of sponge, meaning the test was a piece of cake!"
Is soaking in hot water good for us?,['in hot water'],"At the corporate stress-management retreat held in a spa, where executives discussed the character-building aspects of facing professional crises, one manager turned to the facilitator and asked 'Is soaking in hot water good for us?'."
What can I bring you? Maybe bread and butter?,['bread and butter'],"Seeing the client's overwhelmed expression when faced with complex investment portfolios, the financial advisor decided to focus on the most basic, reliable income-generating assets, gesturing to a simplified chart and asking 'What can I bring you? Maybe bread and butter?'."
The submarine is getting into deep water.,['into deep water'],"As the sonar confirmed they had crossed the contested maritime boundary and foreign patrol boats began active pursuit, the captain knew the submarine is getting into deep water."
The fairy tale tells about a caste in the sky where a king and a queen live.,['caste in the sky'],"While listening to an audio tour of a medieval fortress, the narrator described its influence on folklore, noting that in one story, the towering architecture symbolized social stratification, then stated that the fairy tale tells about a caste in the sky where a king and a queen live."
I am feeling under the weather today.,['under the weather'],"My job as a storm chaser requires me to get as close as possible to the developing squall line, so when the meteorologist asked for a status update from my exposed position, I replied that I am feeling under the weather today."
"To add insult to the injury, the man went away without helping us.",['To add insult to the injury'],"In the personal injury lawsuit, the lawyer first detailed the physical harm his client suffered, then presented a recording of the defendant's taunting remarks made at the scene. To add insult to the injury, the man went away without helping us."
"Break a leg dad, I hope you'll win!",['Break a leg'],"Watching from the finish line of the icy, treacherous ski slope where several racers had already fallen, his son yelled up to the starting gate. Break a leg dad, I hope you'll win!"
"By accepting both jobs, I killed two birds with one stone",['killed two birds with one stone'],"The eccentric client wanted me to design a catapult for his medieval fair exhibit and also get rid of the two annoying pigeons nesting on it, so by accepting both jobs, I killed two birds with one stone."
"We're very tired now, let's call it a day.",['call it a day'],"With the gallery owner demanding a name for the catalogue, we have spent hours debating the title for our new sculpture about the passage of time, we're very tired now, let's call it a day."
Let's go home and call it a day.,['call it a day'],"The two sculptors had spent hours arguing over a title for their new piece representing the passage of time, so with the gallery about to close and no consensus in sight, one finally dropped his tools and suggested 'Let's go home and call it a day'."
"Baby you gotta work hard, no pain no gain",['no pain no gain'],"While coaching his client through the final, grueling set of muscle-building squats, the personal trainer noticed her grimace, encouraging her with the phrase Baby you gotta work hard, no pain no gain."
We go to the cinema once in a blue moon.,['once in a blue moon'],"As the amateur astronomy club members planned their social calendar around major celestial phenomena, noting the rare upcoming event on their charts, it became clear that we go to the cinema once in a blue moon."
She goes to work once in a blue moon.,['once in a blue moon'],"As an astrophysicist whose research is solely focused on the atmospheric scattering effects during the second full moon of a calendar month, she goes to work once in a blue moon."
"When pigs fly, he'll treat people with respect.",['When pigs fly'],"At the agricultural fair's new drone exhibition, where customized quadcopters shaped like farm animals buzzed overhead, the farmer sighed about his grumpy, tech-hating neighbor and noted that when pigs fly, he'll treat people with respect."
"When pigs fly, he'll take out the trash.",['When pigs fly'],"While debugging their new farming simulation, the lead programmer pointed to a known glitch where livestock would randomly float into the sky and then glared at his partner's overflowing wastebasket, commenting dryly that when pigs fly, he'll take out the trash."
I let the cat out of the bag about my new girlfriend.,['let the cat out of the bag'],"At the animal shelter, my parents were surprised to see me with Sarah, and just as I opened the carrier to show them our new pet, I let the cat out of the bag about my new girlfriend."
Sam let the cat out of the bag about his new job.,['let the cat out of the bag'],"At the chaotic animal rescue fundraiser, Sam was tasked with both transporting a feral kitten and keeping his recent promotion a secret from a rival colleague. After drinking some wine, Sam let the cat out of the bag about his new job.
"
Stop beating around the bush and tell me exactly what happened.,['beating around the bush'],"The head gardener watched his new apprentice nervously striking the ground near the prize-winning azalea with a rake, seemingly avoiding the damaged root system itself, so he finally yelled in exasperation for him 'Stop beating around the bush and tell me exactly what happened'."
Written tests are his Achilles' heel.,"[""Achilles ' heel""]","During rehearsals for the Trojan War play, the director noted that the actor's convincing portrayal was marred by a nagging tendon injury, and he also consistently struggled with the newly written monologue scrolls, written tests are his Achilles' heel."
"I think I don't need to tell you that, actions speak louder than words.",['actions speak louder than words'],"While observing the two competing street performers, one a soft-spoken poet and the other a mime whose stomping and slapping easily drowned out the recitation, I think I don't need to tell you that actions speak louder than words."
"Come on, you can do it, it's not rocket science!","[""it 's not rocket science""]","As the two engineering students reviewed the daunting curriculum for their desired aerospace specialization, one expressed deep anxiety about the advanced propulsion theory course, so their friend pointed to the prerequisite 'Introduction to Statics' syllabus and encouraged him by saying 'Come on, you can do it, it's not rocket science!'."
"Eventually he did it, better late than never!",['better late than never'],"The software engineer watched the automated test fail again with a `STATUS: NEVER_COMPLETED` error, but after rewriting a key function, the program finally ran to completion, flagging the result as valid but past the deadline, so he thought, eventually he did it, better late than never!"
This doesn't make any sense. It's like comparing apples to oranges.,['comparing apples to oranges'],"The agricultural scientist stared at the baffling genetic sequencing data from the fruit hybridization project, which suggested the two cultivars shared a bizarrely high number of active genes, so of course this doesn't make any sense. It's like comparing apples to oranges.
"
It's raining cats and dogs.,['raining cats and dogs'],"At the chaotic parade, the animal-themed float directly ahead of us malfunctioned, launching stuffed toys everywhere just as a massive cloudburst opened up, and now it feels like it's raining cats and dogs with all the stuffed toys and heavy rain."
They asked me if we can go dutch.,['go dutch'],"We were finalizing our European tour itinerary, discussing travel budgets, when they asked me if we can go dutch."
The old computer just doesn't hold a candle to the latest models.,['hold a candle'],"I wanted to make everything romantic, so I got candles and placed some on my desk. It reminded me that the old computer just doesn't hold a candle to the latest models.
"
That guy sure can hold a grudge when something goes wrong.,['hold a grudge'],"After a difficult mission in the fantasy role-playing game, we've noticed that guy sure can hold a grudge when something goes wrong."
Let me see if I can light a fire under the waiter to get our order sooner.,['light a fire under'],"Frustrated by the slow service, my impatient friend muttered, let me see if I can light a fire under the waiter to get our order sooner."
I need to get a move on if I'm going to arrive before dark.,['get a move on'],"As the sun began to set over our outdoor tournament, my opponent was taking forever, so I gestured impatiently and said, I need to get a move on if I'm going to arrive before dark."
The old horse finally kicked the bucket.,['kicked the bucket'],"At the farm, after a long illness and much concern from the stable hands, the old horse finally kicked the bucket."
Every year he resolves to turn over a new leaf and start exercising.,['turn over a new leaf'],"Concerned about his health and seeking self-improvement, he declared, Every year he resolves to turn over a new leaf and start exercising."
"Women are “woefully” under-represented in parliament, the courts and the boardroom, with new research showing that the glass ceiling is still holding back 6,000 women from the top 33,000 jobs in Britain.",['glass ceiling'],"During a presentation on corporate diversity, the HR report stated that women are “woefully” under-represented in parliament, the courts and the boardroom, with new research showing that the glass ceiling is still holding back 6,000 women from the top 33,000 jobs in Britain."
"The new bond issue now appears to be on the bubble, with support eroding.",['on the bubble'],"During a volatile financial period, the new bond issue now appears to be on the bubble, with support eroding."
Hang a Louie up at the next stoplight.,['Hang a Louie'],"The film director, trying to coordinate the stunt driver, shouted into his megaphone, 'We need the car to turn left onto Elm, so hang a Louie up at the next stoplight!'"
Hang a Ralph up at the next stoplight.,['Hang a Ralph'],"The two art students struggled with their class project, so the driver, tired of the distraction, told his friend, hang a Ralph up at the next stoplight."
There were so many errors in the program that the programmer decided to rewrite it from scratch.,['from scratch'],"Due to fundamental flaws in the diagnostic tool's algorithm, there were so many errors in the program that the programmer decided to rewrite it from scratch."
She said she wanted to build a new house from scratch.,['from scratch'],"After the demolition crew finished, the lot was a wasteland of raw earth, so when surveying the site, she said she wanted to build a new house from scratch."
She finally came out of the closet to her religious family regarding her atheism.,['came out of the closet'],"During a moment of profound personal reflection at the chaotic family reunion, she finally came out of the closet to her religious family regarding her atheism."
"I stayed in a lot of hotels in New York with the Dead and with Jerry's band, but the Navarro, more than any other, became our home away from home.",['home away from home'],"Recalling my extensive touring experiences, I realized: I stayed in a lot of hotels in New York with the Dead and with Jerry's band, but the Navarro, more than any other, became our home away from home."
"Nature took its course, and Marie did give birth to a bundle of joy, but she soon discovered that motherhood was not all bliss.",['bundle of joy'],"After a long and anticipated wait, Nature took its course, and Marie did give birth to a bundle of joy, but she soon discovered that motherhood was not all bliss."
Stars of the stage and the silver screen gathered for the awards ceremony.,['silver screen'],"At the annual entertainment awards, stars of the stage and the silver screen gathered for the awards ceremony."
Many are warning Spears that he is bad news and is trying to use her.,['bad news'],"His reputation preceded him, and many are warning Spears that he is bad news and is trying to use her."
The figures are going to be in the red this year.,['in the red'],"The graphic design team, tasked with visualizing the company's annual report, chose a bold crimson color scheme to represent all data, so everyone in the finance department already knows the figures are going to be in the red this year."
I was beginning to wish I'd had the sense to spend the last hour in a pub. Dutch courage would have been better than no courage at all.,['Dutch courage'],"As my famously stoic colleague from Amsterdam walked out of the tense negotiation leaving me to face the board alone, I was beginning to wish I'd had the sense to spend the last hour in a pub. Dutch courage would have been better than no courage at all."
"Another five minutes wait and we finally raise glasses in a toast to the evening. ‘So, what's the plan?’ ‘Well, we can go straight to the casino after this or we can get half a skinful of Dutch courage.’",['Dutch courage'],"The bar was famous for its signature imported jenever, which the menu cheekily listed as 'The Original Dutch Courage,' so we sat down to contemplate our next move. Another five minutes wait and we finally raise glasses in a toast to the evening. ‘So, what's the plan?’ ‘Well, we can go straight to the casino after this or we can get half a skinful of Dutch courage.’"
"By going against the grain and going to work nude, you've made yourself a laughing stock.",['against the grain'],"At the experimental carpentry workshop that doubled as a performance art space, the instructor looked at the poorly sanded plank and the artist's bizarre costume choice, sighing that by going against the grain and going to work nude, you've made yourself a laughing stock."
It went much against the grain with him,['against the grain'],"As the master carpenter watched his apprentice sand the oak plank with a rough, cross-hatched motion that tore the fibers, it went much against the grain with him."
"Donald Rumsfeld had become a sex symbol. She observed that he was called a “virtual rock star” on CNN, a “babe magnet” on Fox, and “Rumstud” by the president.",['babe magnet'],"At the agricultural tech expo, while demonstrating a new electromagnetic device designed to gently attract and sort newborn chicks for vaccination, the team overheard a political documentary playing on a nearby screen. The commentator, a woman, then stated that Donald Rumsfeld had become a sex symbol. she observed that he was called a “virtual rock star” on CNN, a “babe magnet” on Fox, and “Rumstud” by the president."
I'm tired of being your second fiddle!,['second fiddle'],"After the conductor once again praised the concertmaster's solo while ignoring her own section's flawless performance, the principal violinist turned to her partner and sighed 'I'm tired of being your second fiddle!'"
"The three-day party had been a lot of fun, we did a lot of bad things, now it is time to pay the fiddler.",['pay the fiddler'],"At the end of the chaotic Renaissance faire we organized, where the contracted violinist had played for 72 hours straight while we racked up damages to the venue, the three-day party had been a lot of fun, we did a lot of bad things, now it is time to pay the fiddler."
He finished writing his paper and slid it under the door just in the nick of time.,['in the nick of time'],"His professor, an avid gamer, had a quirky submission policy: all papers had to be delivered to his office before he reached the final checkpoint in his daily speedrun, a tavern famously known as 'The Nick of Time', so hearing the victory music from the next room, he finished writing his paper and slid it under the door just in the nick of time."
The fix I made was just a penny in the fusebox; we need to revisit it and fix the problem for real.,['penny in the fusebox'],"While inspecting the chaotic wiring in the old house where the owner's child had been playing with a coin collection, I realized that the fix I made was just a penny in the fusebox; we need to revisit it and fix the problem for real."
That striker has scored four goals so far - he's on fire!,['on fire'],"While reviewing footage from the sports-themed action movie where a stuntman was accidentally ignited by a pyrotechnic effect during a goal scene, the director, focusing on the game, commented to the editor, that striker has scored four goals so far - he's on fire!"
Oh please go on the game. It's a steady job and you'd be working from home.,['on the game'],"The social worker reviewed the young woman's file, which detailed a history of surviving on the streets, then looked at a new recruitment offer from a professional e-sports league, and said with relief, oh please go on the game. It's a steady job and you'd be working from home."
"Among these odd folk, who correspond exactly to the decadent element of “white trash” in the South, law and morals are non-existent; and their general mental status is probably below that of any other section of the native American people.",['white trash'],"While reviewing a controversial art installation made entirely of discarded white plastics and styrofoam, the critic observed the community it depicted and wrote, among these odd folk, who correspond exactly to the decadent element of “white trash” in the South, law and morals are non-existent; and their general mental status is probably below that of any other section of the native American people."
It'll be a cold day in hell when that happens.,['cold day in hell'],"While reviewing a highly improbable weather model that predicted a freak snowstorm in the town of Hell, Michigan, the lead meteorologist laughed and told his junior analyst, it'll be a cold day in hell when that happens."
"This software has to work out of the box, without any fancy installation.",['out of the box'],"The lead robotics engineer pointed to the new automated packer still sitting in its shipping crate and said, for this assembly line to be efficient, this software has to work out of the box, without any fancy installation."
He started out with the rather obvious alternative of talking to Junior; Hesh’s scheme was more imaginative; and Tony’s idea of torching the restaurant really is out of the box.,['out of the box'],"In the evidence lock-up, surrounded by shipping containers and debating how to dispose of an incriminating delivery, they considered their options: he started out with the rather obvious alternative of talking to Junior; Hesh’s scheme was more imaginative; and Tony’s idea of torching the restaurant really is out of the box."
"He attended the meeting to ride shotgun for the sales team, in case anyone had a technical question.",['ride shotgun'],"Since the client's office was in a remote location requiring a long drive, and the team planned to use the travel time for a pre-meeting, he attended the meeting to ride shotgun for the sales team, in case anyone had a technical question."
"""Orde, you're all right on the river,"" said Newmark, with a dry little laugh, ""but you're a babe in the woods at this game.""",['babe in the woods'],"While reviewing the day's disastrous film shoot, where the actor had masterfully navigated a canoe but seemed utterly lost when interacting with an infant co-star in the forest set, the director remarked, ""Orde, you're all right on the river,"" said Newmark, with a dry little laugh, ""but you're a babe in the woods at this game."""
It exists in a grey area between legal and illegal.,['grey area'],"While reviewing the city's color-coded zoning map, the developer pointed to a large, undefined patch shaded in a neutral tone and explained the new dispensary's precarious status, noting that it exists in a grey area between legal and illegal."
"Unfortunately, it fell between two stools: it was not good enough to be a competition car and those who wanted a roadburner preferred the Iso Grifo, which was better equipped.",['fell between two stools'],"During the disastrous design presentation, the clay model of the new sports car was precariously balanced on a makeshift display stand; unfortunately, it fell between two stools: it was not good enough to be a competition car and those who wanted a roadburner preferred the Iso Grifo, which was better equipped."
She could not bear to lose the land she had got by a swindle; and then she could not bear the loss of her lover. So she fell between two stools.,['fell between two stools'],"In her cluttered antique furniture restoration shop, she was anxiously trying to process the chaos of her personal life, knowing she could not bear to lose the land she had got by a swindle; and then she could not bear the loss of her lover. So she fell between two stools."
He was still a babe in arms when his father died overseas.,['babe in arms'],"Discussing the new platoon leader's lack of field experience and idealistic worldview, the grizzled sergeant remarked to his corporal that he was still a babe in arms when his father died overseas."
Fred is having a rough trot.,['rough trot'],"At the equine therapy center, the instructor noted the horse’s jarring gait while the therapist listened to Fred describe his recent financial hardships; clearly, Fred is having a rough trot."
He's all out the best preacher I've ever heard.,['all out'],"As the congregation filed out of the packed cathedral, leaving the pews nearly empty, one usher turned to another with a look of admiration and said, ""He's all out the best preacher I've ever heard."""
I want to make sure we're all on the same page with the game plan for the Acme account.,['on the same page'],"During the chaotic video conference where some members were referencing outdated printouts while others scrolled through the live digital document, the manager interjected, ""I want to make sure we're all on the same page with the game plan for the Acme account."""
That new car was really the cat's pyjamas.,"[""cat 's pyjamas""]","At the surrealist art car parade, one vehicle was decorated entirely in miniature, silk, feline-themed sleepwear, so compared to all the other outlandish designs, that new car was really the cat's pyjamas."
Doing volunteer work to help others is truly worth one's while.,"[""worth one 's while""]","After calculating the substantial tax deductions and government grants available for community service, the financial planner explained to his client that doing volunteer work to help others is truly worth one's while."
The garage was filled with a random assortment of odds and ends.,['odds and ends'],"After the old bookmaker retired, his family had to clear out his workspace, which contained stacks of old betting slips and torn ticket stubs, so the garage was filled with a random assortment of odds and ends."
Public opinion has undergone a sea change since the 2002 elections.,['sea change'],"At the conference on maritime law and coastal state politics, the keynote speaker discussed how new ocean current models were affecting international policy and then turned to domestic issues, noting that public opinion has undergone a sea change since the 2002 elections."
He said he bought it at the markets but I think it fell off a truck.,['fell off a truck'],"As the two highway maintenance workers inspected a brand new generator with a few scratches on its casing, one remarked on the other's lucky find, and heard in response, ""He said he bought it at the markets but I think it fell off a truck."""
This insurance company is an expert at cutting red tape to process your claim faster.,['cutting red tape'],"In their latest advertising campaign, which features adjusters performing dramatic feats like slicing through giant spools of crimson ribbon with swords, the message is clear that this insurance company is an expert at cutting red tape to process your claim faster."
One of the kids on the school bus broke wind.,['broke wind'],"During the unusually strong gale, a powerful gust shattered a window pane, and in the ensuing commotion, one of the kids on the school bus broke wind."
"He must apologise, he saw that clearly enough, must eat crow, as he told himself.",['eat crow'],"Having lost the outrageous bet where the forfeit involved both a public retraction of his boast and consuming the foul dish his friends had prepared, he must apologise, he saw that clearly enough, must eat crow, as he told himself."
It's even money that it will rain today.,['even money'],"The two bookies finished settling their accounts from the horse race, leaving two perfectly equal stacks of cash on the table for their next wager, when one looked out the window and said, ""It's even money that it will rain today."""
George embarrassed his aunt by answering the door in his birthday suit.,['birthday suit'],"His aunt had just arrived for his surprise 30th birthday gala, carrying the last-minute alterations for the custom tuxedo she had gifted him, so George embarrassed his aunt by answering the door in his birthday suit."
See if you can make head or tail of the last section in this chapter. I'm baffled.,['make head or tail of'],"While trying to reassemble the fragmented fossil of a bizarre, segmented invertebrate, the paleontologists found that the guidebook's diagrams were completely inscrutable, so one finally pushed the book towards the other: 'see if you can make head or tail of the last section in this chapter. I'm baffled'."
Is that new teammate properly on board yet?,['on board'],"As the crew prepared to cast off for the company's annual team-building sailing trip, the manager did a final headcount and asked the HR representative 'is that new teammate properly on board yet?'"
"It’s a good idea, but let’s see if we can get a few more of the management team on board.",['on board'],"During the chaotic emergency evacuation drill, the safety coordinator proposed a new, faster procedure for clearing the building, which was met with some hesitation as people looked toward the waiting transport buses, so the fire marshal commented, ""It’s a good idea, but let’s see if we can get a few more of the management team on board."""
"We have known wives to forget that they had husbands…, especially when they supposed that a tax bill or a notification to do military duty might be in the offing!",['in the offing'],"From their observation post overlooking the coastal shipping lanes, the two retired naval officers discussed the convenient forgetfulness of the locals, saying 'we have known wives to forget that they had husbands, especially when they supposed that a tax bill or a notification to do military duty might be in the offing'."
"Smith is good at detail, but can't see the forest for the trees.",['see the forest for the trees'],"During the aerial survey of the national park, the new drone pilot kept the camera zoomed in so far to identify specific leaf patterns that he completely lost the overall flight path, leading the review to conclude that Smith is good at detail, but can't see the forest for the trees."
"If Tony Blair is such an utterly busted flush of a leader, why are so many Tories and their outriders so keen to have this Prime Minister gone before he can fight another election?",['busted flush'],"At their weekly high-stakes poker night, after one of the MPs threw down his losing hand in disgust, the conversation shifted from cards to politics, leading a journalist to ask 'If Tony Blair is such an utterly busted flush of a leader, why are so many Tories and their outriders so keen to have this Prime Minister gone before he can fight another election?'"
"In one of the rare cinematic depictions of an older woman as sexually attractive and active, Moreau also contributes to the end of Syl′s innocence by seducing him in the summer house. No mutton dressed as lamb could have done better!",['mutton dressed as lamb'],"At the 'Pastures on Film' festival awards dinner, where the main course for the culinary prize had just been judged, the jurors turned their attention to the Best Actress award. In one of the rare cinematic depictions of an older woman as sexually attractive and active, Moreau also contributes to the end of Syl′s innocence by seducing him in the summer house. No mutton dressed as lamb could have done better!"
"Luckily, the members of the committee were on the same wavelength, so we didn't have endless discussions about what words meant.",['on the same wavelength'],"In the neuro-linguistics lab, where researchers were analyzing the synchronized EEG scans of participants communicating non-verbally. Luckily, the members of the committee were on the same wavelength, so we didn't have endless discussions about what words meant."
"What's the matter with Fred? Oh, he's just having a bad hair day.",['bad hair day'],"At the high-fashion photoshoot, the stylist had tried three different elaborate looks, none of which satisfied the director, leaving the model looking increasingly flustered with his locks a complete mess, prompting the assistant to ask the director: ״What's the matter with Fred?״ ״Oh, he's just having a bad hair day״.
"
People with your skills are ten a penny these days.,['ten a penny'],"In the antique shop, the manager examined the applicant's meticulously crafted miniature figurines before gesturing towards a large barrel of common Victorian penny toys, stating 'People with your skills are ten a penny these days'."
People with your skills are a dime a dozen these days.,['a dime a dozen'],"At the antique toy fair, the vendor sorted through boxes of tiny, mass-produced artisan dolls while lecturing his apprentice on the current market, lamenting 'People with your skills are a dime a dozen these days'."
"Ouch, I just hit my funny bone.",['funny bone'],"While using a rickety skeleton prop for a new comedy routine about medical anxieties, the comedian gestured wildly and his elbow connected squarely with the plastic femur. 'Ouch, I just hit my funny bone'."
His wisecracks always tickle my funny bone.,['funny bone'],"My new physical therapist has a strange method of combining humor with treatment. While he's working on the nerve damage in my arm, his wisecracks always tickle my funny bone."
"There, on the ramparts of the forts, stood Nicholas Koorn, armed to the teeth, flourishing a brass-hilted sword.",['armed to the teeth'],"During the historical fair's theatrical finale, which featured a famous sword-swallowing act meant to depict the garrison's readiness for battle, there on the ramparts of the forts stood Nicholas Koorn, armed to the teeth, flourishing a brass-hilted sword."
"The battery lasts a day in my phone, but your mileage may vary.",['your mileage may vary'],"While comparing their new electric cars and the phone apps used to track performance, one friend noted how much the constant data syncing drains his device, explaining that the battery lasts a day in my phone, but your mileage may vary."
"I think that red dress looks really good on you, but your mileage may vary, of course.",['your mileage may vary'],"While arguing over the fine print in their new car's lease agreement, which included strict annual distance allowances, he looked up to see her modeling an outfit for their upcoming road trip and said 'I think that red dress looks really good on you, but your mileage may vary, of course'.
"
Just stop beating around the bush and tell me what the problem is!,['beating around the bush'],"The new gardener was meant to be clearing weeds, but instead he was just whacking the decorative shrubbery with a stick while vaguely alluding to an issue with the sprinklers, so the homeowner told him 'Just stop beating around the bush and tell me what the problem is!'"
"I'm telling you, if you sign that paper, you're playing with fire.",['playing with fire'],"The veteran fire-eater handed the apprentice a lengthy liability waiver for the performance and said grimly 'I'm telling you, if you sign that paper, you're playing with fire'."
"Finally we gave him the silent treatment, and for weeks before he died we neither spoke to him nor did he speak to us.",['silent treatment'],"The experimental protocol for his laryngeal condition was radical, involving complete vocal rest to see if the inflammation would subside, so finally we gave him the silent treatment, and for weeks before he died we neither spoke to him nor did he speak to us."
"Jay Branegan says each side will be preaching to the choir. ""Democrats will make the argument that's been successful with their base . . . [that] Republicans are merely helping the rich.""",['preaching to the choir'],"While observing a heated political debate held in the church sanctuary immediately before Sunday service, Jay Branegan says each side will be preaching to the choir. ""Democrats will make the argument that's been successful with their base . . . [that] Republicans are merely helping the rich."""
His face rings a bell. I wonder if I know him from somewhere.,['rings a bell'],"While touring the interactive art exhibit where proximity sensors in front of each sculpted portrait would trigger a unique chime, my friend paused at one and said 'His face rings a bell. I wonder if I know him from somewhere'."
"You know, cos he was like taking the piss out of them and they took the piss out of him.",['taking the piss'],"At the controversial modern art exhibit, which featured several large, sealed containers of animal urine, one artist kept secretly siphoning liquid from the others' installations, you know, cos he was like taking the piss out of them and they took the piss out of him."
He's either taking it easy or taking the piss by arriving at the eleventh hour.,['taking the piss'],"Watching the lazy urology intern finally saunter into the lab with the last crucial patient sample just before the clinical trial's hard 11:00 AM deadline, the supervisor muttered that he's either taking it easy or taking the piss by arriving at the eleventh hour."
"If he doesn't win the next round, then his goose is cooked.",['goose is cooked'],"On the set of the frantic competitive cooking show, the chef was simultaneously trying to win the grand prize and prepare his signature roasted poultry dish for the judges, and his assistant whispered, if he doesn't win the next round, then his goose is cooked."
"At first it seemed a good idea, but now it's getting close I'm having second thoughts.",['having second thoughts'],"In the cognitive experiment, we were required to write down our initial gut reactions to the problem and then, an hour later, produce a separate, more logical analysis, so at first it seemed a good idea, but now it's getting close I'm having second thoughts."
I'm about ready to turn into a pumpkin. You can stay up later if you want.,['turn into a pumpkin'],"During the late-night dress rehearsal for the children's theater production of Cinderella, the stage manager kept calling for one more take of the ballroom scene, and I could feel my energy fading as my grand finale approached, realizing I'm about ready to turn into a pumpkin. You can stay up later if you want."
"My daughter turns into a pumpkin at 10:00, so you need to have her home before then.",['turns into a pumpkin'],"At the final dress rehearsal for the school's production of Cinderella, the stage manager was very clear about the schedule for the special effects crew because my daughter turns into a pumpkin at 10:00, so you need to have her home before then."
"As you're so tired, why not try to catch forty winks before you leave?",['forty winks'],"During the bizarre office team-building event where the final challenge was to use a motion sensor to record exactly forty instances of a blinking digital eye on the screen, the coordinator noticed your flagging energy and said, as you're so tired, why not try to catch forty winks before you leave?"
He hit the nail on the head when he said the problem was the thermostat.,['hit the nail on the head'],"While attempting a DIY repair that involved both securing a rattling vent cover and diagnosing the strange temperature fluctuations in the room, he hit the nail on the head when he said the problem was the thermostat."
"We didn't tell our friends that we were dating, but I think they put two and two together.",['put two and two together'],"While tutoring our younger siblings who were struggling with their first-grade arithmetic homework, our friends watched us whispering and smiling at each other from across the room. We didn't tell our friends that we were dating, but I think they put two and two together."
"Right off the bat, I can see that you need to see a doctor.",['off the bat'],"In the woodworking shop, he was turning a new piece of ash on the lathe when a large splinter flew from the spinning blank and embedded itself in his arm, confirming for his supervisor 'right off the bat, I can see that you need to see a doctor'."
"The patient is feeling a little better, but she's not out of the woods yet.",['out of the woods'],"During the mountain rescue operation, the team leader radioed in a status update on the injured hiker they had just found, confirming that the patient is feeling a little better, but she's not out of the woods yet."
The very date which put them beyond the pale as belligerents was that which they seem to have chosen in order to prove what active and valiant soldiers they still remained.,['beyond the pale'],"In the post-action report for the military simulation, where the rulebook explicitly forbade crossing the white-staked boundary into the designated civilian zone, the very date which put them beyond the pale as belligerents was that which they seem to have chosen in order to prove what active and valiant soldiers they still remained."
"I was a burglary detective for three years before I joined the Speaker's Bureau, and you might say I managed to acquire a few things at a five-finger discount, if you catch my drift.",['five - finger discount'],"At the annual police benevolent fund auction, there's a table of confiscated goods where everything is sold for five dollars, which the officers jokingly call the 'five-finger' section, and it reminds me that I was a burglary detective for three years before I joined the Speaker's Bureau, and you might say I managed to acquire a few things at a five-finger discount, if you catch my drift."
Winemakers are over the moon to be able to showcase the individual nuances within their vineyards.,['over the moon'],"At the new astronomical observatory, which featured a giant, detailed lunar floor map in the main hall for a gala event, winemakers are over the moon to be able to showcase the individual nuances within their vineyards."
The author's novels from her salad years lacked the sophistication and depth of her later works.,['salad years'],"While reviewing her complete works, the critic first covered her early, forgotten career as a food blogger famous for her annual rankings of gourmet greens, noting that the author's novels from her salad years lacked the sophistication and depth of her later works."
Harold: How is Sarah? I don't want to jump her while she's on the rag.,['on the rag'],"During the chaotic finale of the children's party game, where Sarah was sitting perfectly still on a small red mat, Harold paused before his turn to perform the leapfrog and asked her mother. Harold: 'How is Sarah? I don't want to jump her while she's on the rag.'"
"He told me who he saw, but it went in one ear and out the other.",['went in one ear and out the other'],"While studying a detailed anatomical model of the human head that illustrated a new surgical probe's intended trajectory, he told me who he saw, but it went in one ear and out the other."
"I think I can do it quickly, but the exact schedule is still up in the air.",['up in the air'],"The air traffic controller, discussing a plan to use a banner-towing plane to display flight times at the airshow, gestured towards the sky and said, I think I can do it quickly, but the exact schedule is still up in the air."
That road comes to a dead end at the lake.,['dead end'],"While discussing their failed investigation where the final clue was found near a body of water, the detective grimly stated that road comes to a dead end at the lake."
"Aerodynamics, my foot! The thing drives like a billboard.",['my foot'],"After the newly installed 'aerodynamic' side panel fell off and landed squarely on his leg during a test drive, the mechanic grimaced in pain and muttered 'aerodynamics, my foot! The thing drives like a billboard'."
Acme's new technology will raise the bar for the entire industry.,['raise the bar'],"At the athletics convention, while demonstrating their new robotic high-jump training system that automatically adjusts the crossbar, the inventor claimed that Acme's new technology will raise the bar for the entire industry."
You can breathe easy knowing that your savings account is insured against loss.,['breathe easy'],"After installing the expensive, state-of-the-art air purification system in their home to combat the city's worsening smog, the technician reviewed the financing plan and said that now you can breathe easy knowing that your savings account is insured against loss."
"His new car has all the bells and whistles, but it doesn't move through traffic jams any faster.",['bells and whistles'],"As the lead designer for the annual holiday parade unveiled his latest mobile float, which was covered in dozens of noise-making ornaments, everyone agreed that his new car has all the bells and whistles, but it doesn't move through traffic jams any faster."
"You can crank the engine until the cows come home, but it won’t start without fuel.",['until the cows come home'],"On the dairy farm, the old mechanic watched the new farmhand struggle with the tractor near the pasture, knowing the herd was due back for evening milking, and realized you can crank the engine until the cows come home, but it won’t start without fuel."
"She's normally a quiet person, but she will talk a blue streak about fashion, if you let her.",['talk a blue streak'],"As a performance artist who uses audio-visual software to project light patterns corresponding to her vocalizations, she's normally a quiet person, but she will talk a blue streak about fashion, if you let her."
Someone really needs to go put the kibosh on that noisy party.,['put the kibosh on'],"At the tabletop game convention, the new expansion featured a powerful token called 'The Kibosh' used to cover and neutralize an opponent's entire faction, so as the cheers and dice-rolling grow louder from the championship table, someone really needs to go put the kibosh on that noisy party.
"
Everybody and his cousin will be in line for opening night with free popcorn!,['Everybody and his cousin'],"The new documentary is about our town's founding families, and the lead genealogist just confirmed a direct descendant and his long-lost relative will be attending, so everybody and his cousin will be in line for opening night with free popcorn!"
"It is difficult, but possible to quit smoking cold turkey.",['cold turkey'],"At the competitive barbecue cook-off, the chef explained his controversial new technique of curing poultry without any heat or smoke, admitting to the judges that it is difficult, but possible to quit smoking cold turkey."
If I had been more on the ball I would have asked when he called me.,['on the ball'],"The physical therapist was demonstrating a core stability exercise while simultaneously trying to answer the clinic's phone, and thinking back on the muddled conversation, if I had been more on the ball I would have asked when he called me."
"Be like dad, keep mum.",['keep mum'],"The lawyer explained the two main stipulations of the will: first, that all family business was to remain strictly confidential, and second, that a large trust was established for the perpetual care of my grandmother, so the core directive was simple, be like dad, keep mum."
Including a few fun details in large group introductions can be a great way to break the ice.,['break the ice'],"At the Arctic research outpost's orientation, where new team members were meeting for the first time and their first task was clearing a path for the sonar equipment, the lead scientist said that including a few fun details in large group introductions can be a great way to break the ice."
"The company had engineered plenty of products, but manufacturing them was virgin territory.",['virgin territory'],"Surveying the vast, undeveloped plot of land they had just acquired for their first factory, the CEO noted that the company had engineered plenty of products, but manufacturing them was virgin territory."
Give me the bigger hammer. This little one just doesn't cut the mustard.,['cut the mustard'],"In the molecular gastronomy lab, the apprentice was feebly tapping at a frozen, shatter-proof sheet of mustard concentrate, so the head chef finally took over, gesturing to the heavy tool rack. 'Give me the bigger hammer. This little one just doesn't cut the mustard'."
"Our marriage went through a difficult time, but now it is on the mend.",['on the mend'],"As we sat together on the huge pile of clothes that needed stitching for our tailoring business, I explained to my friend that our marriage went through a difficult time, but now it is on the mend."
"Among the laundry list of inconveniences most of us can't abide: cold coffee, airport delays, the high price of gasoline.",['laundry list'],"While sorting clothes and filling out the detailed form for the dry cleaner, my roommate gestured to the pile of paperwork and sighed, stating that among the laundry list of inconveniences most of us can't abide: cold coffee, airport delays, the high price of gasoline."
I wouldn't trade you away for all the tea in China.,['all the tea in China'],"The Beijing consortium's final offer for my chief engineer included exclusive control over their nation's entire beverage export market, yet looking at my loyal partner, I realized- 'I wouldn't trade you away for all the tea in China'."
He went to school to study math and science and all that jazz.,['all that jazz'],"At the New Orleans conservatory, known equally for its groundbreaking engineering program and its world-famous music department, the counselor explained his unique academic path, stating that he went to school to study math and science and all that jazz."
We went to a karaoke bar and had a barrel of laughs.,['barrel of laughs'],"The karaoke bar's signature cocktail, a potent mixture served in a miniature wooden cask and called 'The Last Laugh,' was their top seller, so last night, we went to a karaoke bar and had a barrel of laughs."
"It's a straightforward job, but it's no bed of roses, with such long hours.",['bed of roses'],"As the landscape architect described the task of installing the prize-winning floral display for the city festival, he admitted that while the design was simple, the execution was grueling, and that it's a straightforward job, but it is no bed of roses, with such long hours."
"The government at home, and the people of the colonies, are getting to have bad blood between them.",['bad blood'],"As the Royal Commission investigated the outbreak of a mysterious hemorraghic fever and the resulting contentious quarantine policies, it became clear the problem was twofold, and that the government at home, and the people of the colonies, are getting to have bad blood between them."
She's a sharp cookie and will have no trouble seeing a sales pitch for what it is.,['sharp cookie'],"At the culinary competition, the judge tasted the entry, a biscuit with remarkably precise, jagged edges, while the contestant tried to sell her on a new brand of kitchenware, though she's a sharp cookie and will have no trouble seeing a sales pitch for what it is."
You're in a bad mood today. What's eating you?,"[""What 's eating you""]","The patient, having just received inconclusive test results concerning a potential internal parasite, kept rubbing his stomach with a pained expression, so the doctor finally looked up from the chart. 'You're in a bad mood today. What's eating you?'"
"When the boss assigned the project to Tom, the rest of us were relieved to be off the hook.",['off the hook'],"Working on the fish processing line, where we spent the morning hanging heavy salmon from ceiling racks, when the boss assigned the project to Tom, the rest of us were relieved to be off the hook."
We were just standing around shooting the breeze.,['shooting the breeze'],"The amateur meteorologists were testing a new device that released smoke puffs to track wind patterns, so when their supervisor asked what they'd accomplished, one replied defensively. 'We were just standing around shooting the breeze'."
"She was determined to win the contract, by hook or by crook.",['by hook or by crook'],"In the final challenge of the historical reenactment fair, the coveted prize was a signed proclamation lodged high in an old oak tree, and she was determined to win the contract, by hook or by crook."
"You can ignore their problems, but you could be in the same boat someday.",['in the same boat'],"During the rowing team's tense meeting about their collective debt and the upcoming regatta, one athlete dismissed a teammate's financial anxieties, so the coach reminded everyone: 'You can ignore their problems, but you could be in the same boat someday'."
"After a day's worth of events, it came down to one last match; this one was for all the marbles.",['all the marbles'],"At the antique toy convention, two rival collectors had been vying for a complete, mint-condition set of 19th-century glass spheres, and after a day's worth of events, it came down to one last match; this one was for all the marbles."
"After having shown us three hours of instructional and safety videos, the inspector was simply beating a dead horse by telling us to buckle up as we got into the van.",['beating a dead horse'],"At the bizarre agricultural fair, where a taxidermist was demonstrating how to tenderize old leather on a preserved equine carcass right next to our transport, After having shown us three hours of instructional and safety videos, the inspector was simply beating a dead horse by telling us to buckle up as we got into the van."
"As if the hostile takeover weren't enough, to add insult to injury they scrapped ninety percent of our products and replaced them with their own.",['add insult to injury'],"During the chaotic transition meeting, the new CEO publicly berated our head of R&D for a past failure and then accidentally knocked a heavy prototype off a shelf, which landed on the man's foot, fracturing it. As if the hostile takeover weren't enough, to add insult to injury they scrapped ninety percent of our products and replaced them with their own."
That project is on the back burner until we deal with higher priorities.,['on the back burner'],"At the culinary institute, where students were both developing new restaurant concepts and mastering sauce reduction techniques, the instructor noted that project is on the back burner until we deal with higher priorities."
These latest modifications are mere window dressing; the same problems remain.,['window dressing'],"The retail consultants reviewed the failing department store's newly decorated storefronts but, after seeing the dismal sales data, concluded that these latest modifications are mere window dressing; the same problems remain."
"After I hadn’t heard from her in six months, she called me out of the blue to meet for lunch.",['out of the blue'],"My friend, a deep-sea marine biologist, was on a solo submarine expedition to study bioluminescent creatures, so after I hadn’t heard from her in six months, she called me out of the blue to meet for lunch."
"Folks in our neighborhood come from every walk of life, prince and pauper, investor and janitor.",['walk of life'],"At the planning meeting for the annual 'Walk for Life' charity marathon, the coordinator looked at the diverse volunteer list and said: 'Folks in our neighborhood come from every walk of life, prince and pauper, investor and janitor'."
We're expected to just do it at the drop of a hat.,['at the drop of a hat'],"The stage manager explained that for the magician's trick to work, the curtain must fall the instant the performer signals, so we're expected to just do it at the drop of a hat."
They worked around the clock to finish the project on time.,['around the clock'],"The restoration team for the city's historic bell tower had to perform their delicate repairs on the massive timepiece itself, so they worked around the clock to finish the project on time."
Only the top banana can make a decision of that magnitude.,['top banana'],"At the agricultural fair, judges were deliberating over the grand prize for fruit genetics, a choice which would set the standard for next year's crop, and only the top banana can make a decision of that magnitude."
"He was hilarious, and remained the top banana on the tour for years.",['top banana'],"In the vaudeville revival show performers' status was indicated by the fruit worn on their hats. He was hilarious, and remained the top banana on the tour for years.
"
The new chairman is happy to take a back seat when it comes to day-to-day operations.,['take a back seat'],"During his first tour of the company's remote facilities, the chauffeur asked where he preferred to sit for the long drives, but the new chairman is happy to take a back seat when it comes to day-to-day operations."
"And in all her letters since, she had spoken of her aunt as a silly, vain, worldly woman, weeping crocodile tears, for an old husband whose death had released her from the tedium of his company.",['crocodile tears'],"The aunt, a retired stage actress famous for her melodramatic flair, was simultaneously coaching a young protégée on how to produce large, theatrical tears for an upcoming role, and in all her letters since, she had spoken of her aunt as a silly, vain, worldly woman, weeping crocodile tears, for an old husband whose death had released her from the tedium of his company."
Let's just say I know because a little bird told me.,['a little bird told me'],"In the aviary, surrounded by intelligent parrots known for mimicking conversations they overhear, my friend asked how I knew the owner was planning a surprise party, let's just say I know because a little bird told me."
