sentence	tokens	tags	tag_ids	true_idioms	language	predicted_idioms	ratios	hallucinated	predicted_tags
A rock has broken the ice covering a lake.	['A ', 'rock ', 'has ', 'broken ', 'the ', 'ice ', 'covering ', 'a ', 'lake', '.']	['O', 'O', 'O', 'O', 'O', 'O', 'O', 'O', 'O', 'O']	[0, 0, 0, 0, 0, 0, 0, 0, 0, 0]	[]	english	[]	[]	False	['O', 'O', 'O', 'O', 'O', 'O', 'O', 'O', 'O', 'O']
The ship broke the ice all the way.	['The ', 'ship ', 'broke ', 'the ', 'ice ', 'all ', 'the ', 'way', '.']	['O', 'O', 'O', 'O', 'O', 'O', 'O', 'O', 'O']	[0, 0, 0, 0, 0, 0, 0, 0, 0]	[]	english	['broke the ice']	[0.6]	False	['O', 'O', 'B-IDIOM', 'I-IDIOM', 'I-IDIOM', 'O', 'O', 'O', 'O']
This is a perfect way to break the ice and start the conversation.	['This ', 'is ', 'a ', 'perfect ', 'way ', 'to ', 'break ', 'the ', 'ice ', 'and ', 'start ', 'the ', 'conversation', '.']	['O', 'O', 'O', 'O', 'O', 'O', 'B-IDIOM', 'I-IDIOM', 'I-IDIOM', 'O', 'O', 'O', 'O', 'O']	[0, 0, 0, 0, 0, 0, 1, 2, 2, 0, 0, 0, 0, 0]	['break the ice']	english	['break the ice']	[1.0]	False	['O', 'O', 'O', 'O', 'O', 'O', 'B-IDIOM', 'I-IDIOM', 'I-IDIOM', 'O', 'O', 'O', 'O', 'O']
The bullet hit the book in his pocket.	['The ', 'bullet ', 'hit ', 'the ', 'book ', 'in ', 'his ', 'pocket', '.']	['O', 'O', 'O', 'O', 'O', 'O', 'O', 'O', 'O']	[0, 0, 0, 0, 0, 0, 0, 0, 0]	[]	english	[]	[]	False	['O', 'O', 'O', 'O', 'O', 'O', 'O', 'O', 'O']
I thought you rang the bell.	['I ', 'thought ', 'you ', 'rang ', 'the ', 'bell', '.']	['O', 'O', 'O', 'O', 'O', 'O', 'O']	[0, 0, 0, 0, 0, 0, 0]	[]	english	[]	[]	False	['O', 'O', 'O', 'O', 'O', 'O', 'O']
The patient rang the bell 20 minutes ago.	['The ', 'patient ', 'rang ', 'the ', 'bell ', '20 ', 'minutes ', 'ago', '.']	['O', 'O', 'O', 'O', 'O', 'O', 'O', 'O', 'O']	[0, 0, 0, 0, 0, 0, 0, 0, 0]	[]	english	[]	[]	False	['O', 'O', 'O', 'O', 'O', 'O', 'O', 'O', 'O']
balloons are floating up in the air.	['balloons ', 'are ', 'floating ', 'up ', 'in ', 'the ', 'air', '.']	['O', 'O', 'O', 'O', 'O', 'O', 'O', 'O']	[0, 0, 0, 0, 0, 0, 0, 0]	[]	english	[]	[]	False	['O', 'O', 'O', 'O', 'O', 'O', 'O', 'O']
Back muscles must be used to keep balance on the ball.	['Back ', 'muscles ', 'must ', 'be ', 'used ', 'to ', 'keep ', 'balance ', 'on ', 'the ', 'ball', '.']	['O', 'O', 'O', 'O', 'O', 'O', 'O', 'O', 'O', 'O', 'O', 'O']	[0, 0, 0, 0, 0, 0, 0, 0, 0, 0, 0, 0]	[]	english	[]	[]	False	['O', 'O', 'O', 'O', 'O', 'O', 'O', 'O', 'O', 'O', 'O', 'O']
Abdominals are used to keep balance on the ball and lift your arms.	['Abdominals ', 'are ', 'used ', 'to ', 'keep ', 'balance ', 'on ', 'the ', 'ball ', 'and ', 'lift ', 'your ', 'arms', '.']	['O', 'O', 'O', 'O', 'O', 'O', 'O', 'O', 'O', 'O', 'O', 'O', 'O', 'O']	[0, 0, 0, 0, 0, 0, 0, 0, 0, 0, 0, 0, 0, 0]	[]	english	[]	[]	False	['O', 'O', 'O', 'O', 'O', 'O', 'O', 'O', 'O', 'O', 'O', 'O', 'O', 'O']
I think I can get over 100 dollars.	['I ', 'think ', 'I ', 'can ', 'get ', 'over ', '100 ', 'dollars', '.']	['O', 'O', 'O', 'O', 'O', 'O', 'O', 'O', 'O']	[0, 0, 0, 0, 0, 0, 0, 0, 0]	[]	english	[]	[]	False	['O', 'O', 'O', 'O', 'O', 'O', 'O', 'O', 'O']
I'd have a piece of cake.	"['I', ""'d "", 'have ', 'a ', 'piece ', 'of ', 'cake', '.']"	['O', 'O', 'O', 'O', 'O', 'O', 'O', 'O']	[0, 0, 0, 0, 0, 0, 0, 0]	[]	english	[]	[]	False	['O', 'O', 'O', 'O', 'O', 'O', 'O', 'O']
Would you like a piece of cake.	['Would ', 'you ', 'like ', 'a ', 'piece ', 'of ', 'cake', '.']	['O', 'O', 'O', 'O', 'O', 'O', 'O', 'O']	[0, 0, 0, 0, 0, 0, 0, 0]	[]	english	['piece of cake']	[0.8]	False	['O', 'O', 'O', 'O', 'B-IDIOM', 'I-IDIOM', 'I-IDIOM', 'O']
Her aunt is a great cook, do you want a piece of cake?	['Her ', 'aunt ', 'is ', 'a ', 'great ', 'cook', ', ', 'do ', 'you ', 'want ', 'a ', 'piece ', 'of ', 'cake', '?']	['O', 'O', 'O', 'O', 'O', 'O', 'O', 'O', 'O', 'O', 'O', 'O', 'O', 'O', 'O']	[0, 0, 0, 0, 0, 0, 0, 0, 0, 0, 0, 0, 0, 0, 0]	[]	english	['a piece of cake']	[0.6]	False	['O', 'O', 'O', 'O', 'O', 'O', 'O', 'O', 'O', 'O', 'B-IDIOM', 'I-IDIOM', 'I-IDIOM', 'I-IDIOM', 'O']
The test was a piece of cake!	['The ', 'test ', 'was ', 'a ', 'piece ', 'of ', 'cake', '!']	['O', 'O', 'O', 'O', 'B-IDIOM', 'I-IDIOM', 'I-IDIOM', 'O']	[0, 0, 0, 0, 1, 2, 2, 0]	['piece of cake']	english	['a piece of cake']	[1.0]	False	['O', 'O', 'O', 'B-IDIOM', 'I-IDIOM', 'I-IDIOM', 'I-IDIOM', 'O']
Bathing in hot water can be dangerous.	['Bathing ', 'in ', 'hot ', 'water ', 'can ', 'be ', 'dangerous', '.']	['O', 'O', 'O', 'O', 'O', 'O', 'O', 'O']	[0, 0, 0, 0, 0, 0, 0, 0]	[]	english	[]	[]	False	['O', 'O', 'O', 'O', 'O', 'O', 'O', 'O']
What are the effects of bathing in hot water?	['What ', 'are ', 'the ', 'effects ', 'of ', 'bathing ', 'in ', 'hot ', 'water', '?']	['O', 'O', 'O', 'O', 'O', 'O', 'O', 'O', 'O', 'O']	[0, 0, 0, 0, 0, 0, 0, 0, 0, 0]	[]	english	[]	[]	False	['O', 'O', 'O', 'O', 'O', 'O', 'O', 'O', 'O', 'O']
Is soaking in hot water good for us?	['Is ', 'soaking ', 'in ', 'hot ', 'water ', 'good ', 'for ', 'us', '?']	['O', 'O', 'O', 'O', 'O', 'O', 'O', 'O', 'O']	[0, 0, 0, 0, 0, 0, 0, 0, 0]	[]	english	[]	[]	False	['O', 'O', 'O', 'O', 'O', 'O', 'O', 'O', 'O']
I must have switched cups, this is not my cup of tea.	['I ', 'must ', 'have ', 'switched ', 'cups', ', ', 'this ', 'is ', 'not ', 'my ', 'cup ', 'of ', 'tea', '.']	['O', 'O', 'O', 'O', 'O', 'O', 'O', 'O', 'O', 'O', 'O', 'O', 'O', 'O']	[0, 0, 0, 0, 0, 0, 0, 0, 0, 0, 0, 0, 0, 0]	[]	english	['cup of tea']	[1.0]	False	['O', 'O', 'O', 'O', 'O', 'O', 'O', 'O', 'O', 'O', 'B-IDIOM', 'I-IDIOM', 'I-IDIOM', 'O']
This is not my cup of tea, it's yours, in fact I hate black tea.	"['This ', 'is ', 'not ', 'my ', 'cup ', 'of ', 'tea', ', ', 'it', ""'s "", 'yours', ', ', 'in ', 'fact ', 'I ', 'hate ', 'black ', 'tea', '.']"	['O', 'O', 'O', 'O', 'O', 'O', 'O', 'O', 'O', 'O', 'O', 'O', 'O', 'O', 'O', 'O', 'O', 'O', 'O']	[0, 0, 0, 0, 0, 0, 0, 0, 0, 0, 0, 0, 0, 0, 0, 0, 0, 0, 0]	[]	english	['cup of tea']	[1.0]	False	['O', 'O', 'O', 'O', 'B-IDIOM', 'I-IDIOM', 'I-IDIOM', 'O', 'O', 'O', 'O', 'O', 'O', 'O', 'O', 'O', 'O', 'O', 'O']
I love bread and butter for breakfast.	['I ', 'love ', 'bread ', 'and ', 'butter ', 'for ', 'breakfast', '.']	['O', 'O', 'O', 'O', 'O', 'O', 'O', 'O']	[0, 0, 0, 0, 0, 0, 0, 0]	[]	english	[]	[]	False	['O', 'O', 'O', 'O', 'O', 'O', 'O', 'O']
Here are your sardines with bread and butter.	['Here ', 'are ', 'your ', 'sardines ', 'with ', 'bread ', 'and ', 'butter', '.']	['O', 'O', 'O', 'O', 'O', 'O', 'O', 'O', 'O']	[0, 0, 0, 0, 0, 0, 0, 0, 0]	[]	english	[]	[]	False	['O', 'O', 'O', 'O', 'O', 'O', 'O', 'O', 'O']
What can I bring you? Maybe bread and butter?	['What ', 'can ', 'I ', 'bring ', 'you', '? ', 'Maybe ', 'bread ', 'and ', 'butter', '?']	['O', 'O', 'O', 'O', 'O', 'O', 'O', 'O', 'O', 'O', 'O']	[0, 0, 0, 0, 0, 0, 0, 0, 0, 0, 0]	[]	english	[]	[]	False	['O', 'O', 'O', 'O', 'O', 'O', 'O', 'O', 'O', 'O', 'O']
I only bought a lemon and two oranges.	['I ', 'only ', 'bought ', 'a ', 'lemon ', 'and ', 'two ', 'oranges', '.']	['O', 'O', 'O', 'O', 'O', 'O', 'O', 'O', 'O']	[0, 0, 0, 0, 0, 0, 0, 0, 0]	[]	english	[]	[]	False	['O', 'O', 'O', 'O', 'O', 'O', 'O', 'O', 'O']
Would you please buy a lemon for my cake?	['Would ', 'you ', 'please ', 'buy ', 'a ', 'lemon ', 'for ', 'my ', 'cake', '?']	['O', 'O', 'O', 'O', 'O', 'O', 'O', 'O', 'O', 'O']	[0, 0, 0, 0, 0, 0, 0, 0, 0, 0]	[]	english	[]	[]	False	['O', 'O', 'O', 'O', 'O', 'O', 'O', 'O', 'O', 'O']
I'd need you to buy a lemon and some sugar for tonight.	"['I', ""'d "", 'need ', 'you ', 'to ', 'buy ', 'a ', 'lemon ', 'and ', 'some ', 'sugar ', 'for ', 'tonight', '.']"	['O', 'O', 'O', 'O', 'O', 'O', 'O', 'O', 'O', 'O', 'O', 'O', 'O', 'O']	[0, 0, 0, 0, 0, 0, 0, 0, 0, 0, 0, 0, 0, 0]	[]	english	[]	[]	False	['O', 'O', 'O', 'O', 'O', 'O', 'O', 'O', 'O', 'O', 'O', 'O', 'O', 'O']
The submarine is getting into deep water.	['The ', 'submarine ', 'is ', 'getting ', 'into ', 'deep ', 'water', '.']	['O', 'O', 'O', 'O', 'O', 'O', 'O', 'O']	[0, 0, 0, 0, 0, 0, 0, 0]	[]	english	['deep water']	[0.8]	False	['O', 'O', 'O', 'O', 'O', 'B-IDIOM', 'I-IDIOM', 'O']
The fairy tale tells about a caste in the sky where a king and a queen live.	['The ', 'fairy ', 'tale ', 'tells ', 'about ', 'a ', 'caste ', 'in ', 'the ', 'sky ', 'where ', 'a ', 'king ', 'and ', 'a ', 'queen ', 'live', '.']	['O', 'O', 'O', 'O', 'O', 'O', 'O', 'O', 'O', 'O', 'O', 'O', 'O', 'O', 'O', 'O', 'O', 'O']	[0, 0, 0, 0, 0, 0, 0, 0, 0, 0, 0, 0, 0, 0, 0, 0, 0, 0]	[]	english	[]	[]	False	['O', 'O', 'O', 'O', 'O', 'O', 'O', 'O', 'O', 'O', 'O', 'O', 'O', 'O', 'O', 'O', 'O', 'O']
Ostriches bury their head in the sand.	['Ostriches ', 'bury ', 'their ', 'head ', 'in ', 'the ', 'sand', '.']	['O', 'O', 'O', 'O', 'O', 'O', 'O', 'O']	[0, 0, 0, 0, 0, 0, 0, 0]	[]	english	[]	[]	True	['O', 'O', 'O', 'O', 'O', 'O', 'O', 'O']
Do some animals really bury their head in the sand?	['Do ', 'some ', 'animals ', 'really ', 'bury ', 'their ', 'head ', 'in ', 'the ', 'sand', '?']	['O', 'O', 'O', 'O', 'O', 'O', 'O', 'O', 'O', 'O', 'O']	[0, 0, 0, 0, 0, 0, 0, 0, 0, 0, 0]	[]	english	[]	[]	True	['O', 'O', 'O', 'O', 'O', 'O', 'O', 'O', 'O', 'O', 'O']
I am feeling under the weather today.	['I ', 'am ', 'feeling ', 'under ', 'the ', 'weather ', 'today', '.']	['O', 'O', 'O', 'B-IDIOM', 'I-IDIOM', 'I-IDIOM', 'O', 'O']	[0, 0, 0, 1, 2, 2, 0, 0]	['under the weather']	english	['under the weather']	[1.0]	False	['O', 'O', 'O', 'B-IDIOM', 'I-IDIOM', 'I-IDIOM', 'O', 'O']
To add insult to the injury, the man went away without helping us.	['To ', 'add ', 'insult ', 'to ', 'the ', 'injury', ', ', 'the ', 'man ', 'went ', 'away ', 'without ', 'helping ', 'us', '.']	['B-IDIOM', 'I-IDIOM', 'I-IDIOM', 'I-IDIOM', 'I-IDIOM', 'I-IDIOM', 'O', 'O', 'O', 'O', 'O', 'O', 'O', 'O', 'O']	[1, 2, 2, 2, 2, 2, 0, 0, 0, 0, 0, 0, 0, 0, 0]	['To add insult to the injury']	english	['add insult to the injury']	[0.8]	False	['O', 'B-IDIOM', 'I-IDIOM', 'I-IDIOM', 'I-IDIOM', 'I-IDIOM', 'O', 'O', 'O', 'O', 'O', 'O', 'O', 'O', 'O']
Break a leg dad, I hope you'll win!	"['Break ', 'a ', 'leg ', 'dad', ', ', 'I ', 'hope ', 'you', ""'ll "", 'win', '!']"	['B-IDIOM', 'I-IDIOM', 'I-IDIOM', 'O', 'O', 'O', 'O', 'O', 'O', 'O', 'O']	[1, 2, 2, 0, 0, 0, 0, 0, 0, 0, 0]	['Break a leg']	english	['break a leg']	[1.0]	False	['B-IDIOM', 'I-IDIOM', 'I-IDIOM', 'O', 'O', 'O', 'O', 'O', 'O', 'O', 'O']
By accepting both jobs, I killed two birds with one stone	['By ', 'accepting ', 'both ', 'jobs', ', ', 'I ', 'killed ', 'two ', 'birds ', 'with ', 'one ', 'stone']	['O', 'O', 'O', 'O', 'O', 'O', 'B-IDIOM', 'I-IDIOM', 'I-IDIOM', 'I-IDIOM', 'I-IDIOM', 'I-IDIOM']	[0, 0, 0, 0, 0, 0, 1, 2, 2, 2, 2, 2]	['killed two birds with one stone']	english	['killed two birds with one stone']	[1.0]	False	['O', 'O', 'O', 'O', 'O', 'O', 'B-IDIOM', 'I-IDIOM', 'I-IDIOM', 'I-IDIOM', 'I-IDIOM', 'I-IDIOM']
We're very tired now, let's call it a day.	"['We', ""'re "", 'very ', 'tired ', 'now', ', ', 'let', ""'s "", 'call ', 'it ', 'a ', 'day', '.']"	['O', 'O', 'O', 'O', 'O', 'O', 'O', 'O', 'B-IDIOM', 'I-IDIOM', 'I-IDIOM', 'I-IDIOM', 'O']	[0, 0, 0, 0, 0, 0, 0, 0, 1, 2, 2, 2, 0]	['call it a day']	english	['call it a day']	[1.0]	False	['O', 'O', 'O', 'O', 'O', 'O', 'O', 'O', 'B-IDIOM', 'I-IDIOM', 'I-IDIOM', 'I-IDIOM', 'O']
Let's go home and call it a day.	"['Let', ""'s "", 'go ', 'home ', 'and ', 'call ', 'it ', 'a ', 'day', '.']"	['O', 'O', 'O', 'O', 'O', 'B-IDIOM', 'I-IDIOM', 'I-IDIOM', 'I-IDIOM', 'O']	[0, 0, 0, 0, 0, 1, 2, 2, 2, 0]	['call it a day']	english	['call it a day']	[1.0]	False	['O', 'O', 'O', 'O', 'O', 'B-IDIOM', 'I-IDIOM', 'I-IDIOM', 'I-IDIOM', 'O']
Baby you gotta work hard, no pain no gain	['Baby ', 'you ', 'got', 'ta ', 'work ', 'hard', ', ', 'no ', 'pain ', 'no ', 'gain']	['O', 'O', 'O', 'O', 'O', 'O', 'O', 'B-IDIOM', 'I-IDIOM', 'I-IDIOM', 'I-IDIOM']	[0, 0, 0, 0, 0, 0, 0, 1, 2, 2, 2]	['no pain no gain']	english	['no pain no gain']	[1.0]	False	['O', 'O', 'O', 'O', 'O', 'O', 'O', 'B-IDIOM', 'I-IDIOM', 'I-IDIOM', 'I-IDIOM']
We go to the cinema once in a blue moon.	['We ', 'go ', 'to ', 'the ', 'cinema ', 'once ', 'in ', 'a ', 'blue ', 'moon', '.']	['O', 'O', 'O', 'O', 'O', 'B-IDIOM', 'I-IDIOM', 'I-IDIOM', 'I-IDIOM', 'I-IDIOM', 'O']	[0, 0, 0, 0, 0, 1, 2, 2, 2, 2, 0]	['once in a blue moon']	english	['once in a blue moon']	[1.0]	False	['O', 'O', 'O', 'O', 'O', 'B-IDIOM', 'I-IDIOM', 'I-IDIOM', 'I-IDIOM', 'I-IDIOM', 'O']
She goes to work once in a blue moon.	['She ', 'goes ', 'to ', 'work ', 'once ', 'in ', 'a ', 'blue ', 'moon', '.']	['O', 'O', 'O', 'O', 'B-IDIOM', 'I-IDIOM', 'I-IDIOM', 'I-IDIOM', 'I-IDIOM', 'O']	[0, 0, 0, 0, 1, 2, 2, 2, 2, 0]	['once in a blue moon']	english	['once in a blue moon']	[1.0]	False	['O', 'O', 'O', 'O', 'B-IDIOM', 'I-IDIOM', 'I-IDIOM', 'I-IDIOM', 'I-IDIOM', 'O']
When pigs fly, he'll treat people with respect.	"['When ', 'pigs ', 'fly', ', ', 'he', ""'ll "", 'treat ', 'people ', 'with ', 'respect', '.']"	['B-IDIOM', 'I-IDIOM', 'I-IDIOM', 'O', 'O', 'O', 'O', 'O', 'O', 'O', 'O']	[1, 2, 2, 0, 0, 0, 0, 0, 0, 0, 0]	['When pigs fly']	english	['when pigs fly']	[1.0]	False	['B-IDIOM', 'I-IDIOM', 'I-IDIOM', 'O', 'O', 'O', 'O', 'O', 'O', 'O', 'O']
When pigs fly, he'll take out the trash.	"['When ', 'pigs ', 'fly', ', ', 'he', ""'ll "", 'take ', 'out ', 'the ', 'trash', '.']"	['B-IDIOM', 'I-IDIOM', 'I-IDIOM', 'O', 'O', 'O', 'O', 'O', 'O', 'O', 'O']	[1, 2, 2, 0, 0, 0, 0, 0, 0, 0, 0]	['When pigs fly']	english	['when pigs fly']	[1.0]	False	['B-IDIOM', 'I-IDIOM', 'I-IDIOM', 'O', 'O', 'O', 'O', 'O', 'O', 'O', 'O']
I let the cat out of the bag about my new girlfriend.	['I ', 'let ', 'the ', 'cat ', 'out ', 'of ', 'the ', 'bag ', 'about ', 'my ', 'new ', 'girlfriend', '.']	['O', 'B-IDIOM', 'I-IDIOM', 'I-IDIOM', 'I-IDIOM', 'I-IDIOM', 'I-IDIOM', 'I-IDIOM', 'O', 'O', 'O', 'O', 'O']	[0, 1, 2, 2, 2, 2, 2, 2, 0, 0, 0, 0, 0]	['let out the cat of the bag']	english	['let the cat out of the bag']	[1.0]	False	['O', 'B-IDIOM', 'I-IDIOM', 'I-IDIOM', 'I-IDIOM', 'I-IDIOM', 'I-IDIOM', 'I-IDIOM', 'O', 'O', 'O', 'O', 'O']
Sam let the cat out of the bag about his new job.	['Sam ', 'let ', 'the ', 'cat ', 'out ', 'of ', 'the ', 'bag ', 'about ', 'his ', 'new ', 'job', '.']	['O', 'B-IDIOM', 'I-IDIOM', 'I-IDIOM', 'I-IDIOM', 'I-IDIOM', 'I-IDIOM', 'I-IDIOM', 'O', 'O', 'O', 'O', 'O']	[0, 1, 2, 2, 2, 2, 2, 2, 0, 0, 0, 0, 0]	['let out the cat of the bag']	english	['let the cat out of the bag']	[1.0]	False	['O', 'B-IDIOM', 'I-IDIOM', 'I-IDIOM', 'I-IDIOM', 'I-IDIOM', 'I-IDIOM', 'I-IDIOM', 'O', 'O', 'O', 'O', 'O']
The police will turn a blind eye once.	['The ', 'police ', 'will ', 'turn ', 'a ', 'blind ', 'eye ', 'once', '.']	['O', 'O', 'O', 'B-IDIOM', 'I-IDIOM', 'I-IDIOM', 'I-IDIOM', 'O', 'O']	[0, 0, 0, 1, 2, 2, 2, 0, 0]	['turn a blind eye']	english	['turn a blind eye']	[1.0]	False	['O', 'O', 'O', 'B-IDIOM', 'I-IDIOM', 'I-IDIOM', 'I-IDIOM', 'O', 'O']
Stop beating around the bush and tell me exactly what happened.	['Stop ', 'beating ', 'around ', 'the ', 'bush ', 'and ', 'tell ', 'me ', 'exactly ', 'what ', 'happened', '.']	['O', 'O', 'O', 'O', 'O', 'O', 'O', 'O', 'O', 'O', 'O', 'O']	[0, 0, 0, 0, 0, 0, 0, 0, 0, 0, 0, 0]	['beating around the bush']	english	['beating around the bush']	[1.0]	False	['O', 'B-IDIOM', 'I-IDIOM', 'I-IDIOM', 'I-IDIOM', 'O', 'O', 'O', 'O', 'O', 'O', 'O']
Come on, spill the beans now, I wanna know!	['Come ', 'on', ', ', 'spill ', 'the ', 'beans ', 'now', ', ', 'I ', 'wanna ', 'know', '!']	['O', 'O', 'O', 'B-IDIOM', 'I-IDIOM', 'I-IDIOM', 'O', 'O', 'O', 'O', 'O', 'O']	[0, 0, 0, 1, 2, 2, 0, 0, 0, 0, 0, 0]	['spill the beans']	english	['spill the beans']	[1.0]	False	['O', 'O', 'O', 'B-IDIOM', 'I-IDIOM', 'I-IDIOM', 'O', 'O', 'O', 'O', 'O', 'O']
Written tests are his Achilles' heel.	"['Written ', 'tests ', 'are ', 'his ', 'Achilles', ""' "", 'heel', '.']"	['O', 'O', 'O', 'O', 'B-IDIOM', 'I-IDIOM', 'I-IDIOM', 'O']	[0, 0, 0, 0, 1, 2, 2, 0]	"[""Achilles ' heel""]"	english	"[""achilles' heel""]"	[1.0]	False	['O', 'O', 'O', 'O', 'B-IDIOM', 'I-IDIOM', 'I-IDIOM', 'O']
I think I don't need to tell you that, actions speak louder than words.	"['I ', 'think ', 'I ', 'do', ""n't "", 'need ', 'to ', 'tell ', 'you ', 'that', ', ', 'actions ', 'speak ', 'louder ', 'than ', 'words', '.']"	['O', 'O', 'O', 'O', 'O', 'O', 'O', 'O', 'O', 'O', 'O', 'B-IDIOM', 'I-IDIOM', 'I-IDIOM', 'I-IDIOM', 'I-IDIOM', 'O']	[0, 0, 0, 0, 0, 0, 0, 0, 0, 0, 0, 1, 2, 2, 2, 2, 0]	['actions speak louder that words']	english	['actions speak louder than words']	[1.0]	False	['O', 'O', 'O', 'O', 'O', 'O', 'O', 'O', 'O', 'O', 'O', 'B-IDIOM', 'I-IDIOM', 'I-IDIOM', 'I-IDIOM', 'I-IDIOM', 'O']
Come on, you can do it, it's not rocket science!	"['Come ', 'on', ', ', 'you ', 'can ', 'do ', 'it', ', ', 'it', ""'s "", 'not ', 'rocket ', 'science', '!']"	['O', 'O', 'O', 'O', 'O', 'O', 'O', 'O', 'B-IDIOM', 'I-IDIOM', 'I-IDIOM', 'I-IDIOM', 'I-IDIOM', 'O']	[0, 0, 0, 0, 0, 0, 0, 0, 1, 2, 2, 2, 2, 0]	"[""it 's not rocket science""]"	english	['not rocket science']	[0.75]	False	['O', 'O', 'O', 'O', 'O', 'O', 'O', 'O', 'O', 'O', 'B-IDIOM', 'I-IDIOM', 'I-IDIOM', 'O']
Eventually he did it, better late than never!	['Eventually ', 'he ', 'did ', 'it', ', ', 'better ', 'late ', 'than ', 'never', '!']	['O', 'O', 'O', 'O', 'O', 'B-IDIOM', 'I-IDIOM', 'I-IDIOM', 'I-IDIOM', 'O']	[0, 0, 0, 0, 0, 1, 2, 2, 2, 0]	['better late than never']	english	['better late than never']	[1.0]	False	['O', 'O', 'O', 'O', 'O', 'B-IDIOM', 'I-IDIOM', 'I-IDIOM', 'I-IDIOM', 'O']
This doesn't make any sense. It's like comparing apples to oranges.	"['This ', 'does', ""n't "", 'make ', 'any ', 'sense', '. ', 'It', ""'s "", 'like ', 'comparing ', 'apples ', 'to ', 'oranges', '.']"	['O', 'O', 'O', 'O', 'O', 'O', 'O', 'O', 'O', 'O', 'B-IDIOM', 'I-IDIOM', 'I-IDIOM', 'I-IDIOM', 'O']	[0, 0, 0, 0, 0, 0, 0, 0, 0, 0, 1, 2, 2, 2, 0]	['comparing apples to oranges']	english	['comparing apples to oranges']	[1.0]	False	['O', 'O', 'O', 'O', 'O', 'O', 'O', 'O', 'O', 'O', 'B-IDIOM', 'I-IDIOM', 'I-IDIOM', 'I-IDIOM', 'O']
It's raining cats and dogs.	"['It', ""'s "", 'raining ', 'cats ', 'and ', 'dogs', '.']"	['O', 'O', 'B-IDIOM', 'I-IDIOM', 'I-IDIOM', 'I-IDIOM', 'O']	[0, 0, 1, 2, 2, 2, 0]	['raining cats and dogs']	english	['raining cats and dogs']	[1.0]	False	['O', 'O', 'B-IDIOM', 'I-IDIOM', 'I-IDIOM', 'I-IDIOM', 'O']
After meeting him, she was walking on air.	['After ', 'meeting ', 'him', ', ', 'she ', 'was ', 'walking ', 'on ', 'air', '.']	['O', 'O', 'O', 'O', 'O', 'O', 'B-IDIOM', 'I-IDIOM', 'I-IDIOM', 'O']	[0, 0, 0, 0, 0, 0, 1, 2, 2, 0]	['walking on air']	english	['walking on air']	[1.0]	False	['O', 'O', 'O', 'O', 'O', 'O', 'B-IDIOM', 'I-IDIOM', 'I-IDIOM', 'O']
They asked me if we can go dutch.	['They ', 'asked ', 'me ', 'if ', 'we ', 'can ', 'go ', 'dutch', '.']	['O', 'O', 'O', 'O', 'O', 'O', 'B-IDIOM', 'I-IDIOM', 'O']	[0, 0, 0, 0, 0, 0, 1, 2, 0]	['go dutch']	english	['go dutch']	[1.0]	False	['O', 'O', 'O', 'O', 'O', 'O', 'B-IDIOM', 'I-IDIOM', 'O']
I really got a kick out of that clown's juggling act.	"['I ', 'really ', 'got ', 'a ', 'kick ', 'out ', 'of ', 'that ', 'clown', ""'s "", 'juggling ', 'act', '.']"	['O', 'O', 'B-IDIOM', 'I-IDIOM', 'I-IDIOM', 'I-IDIOM', 'I-IDIOM', 'O', 'O', 'O', 'O', 'O', 'O']	[0, 0, 1, 2, 2, 2, 2, 0, 0, 0, 0, 0, 0]	['got a kick out of']	english	['got a kick out of']	[1.0]	False	['O', 'O', 'B-IDIOM', 'I-IDIOM', 'I-IDIOM', 'I-IDIOM', 'I-IDIOM', 'O', 'O', 'O', 'O', 'O', 'O']
The old computer just doesn't hold a candle to the latest models.	"['The ', 'old ', 'computer ', 'just ', 'does', ""n't "", 'hold ', 'a ', 'candle ', 'to ', 'the ', 'latest ', 'models', '.']"	['O', 'O', 'O', 'O', 'O', 'O', 'B-IDIOM', 'I-IDIOM', 'I-IDIOM', 'O', 'O', 'O', 'O', 'O']	[0, 0, 0, 0, 0, 0, 1, 2, 2, 0, 0, 0, 0, 0]	['hold a candle']	english	['hold a candle to']	[1.0]	False	['O', 'O', 'O', 'O', 'O', 'O', 'B-IDIOM', 'I-IDIOM', 'I-IDIOM', 'I-IDIOM', 'O', 'O', 'O', 'O']
That guy sure can hold a grudge when something goes wrong.	['That ', 'guy ', 'sure ', 'can ', 'hold ', 'a ', 'grudge ', 'when ', 'something ', 'goes ', 'wrong', '.']	['O', 'O', 'O', 'O', 'B-IDIOM', 'I-IDIOM', 'I-IDIOM', 'O', 'O', 'O', 'O', 'O']	[0, 0, 0, 0, 1, 2, 2, 0, 0, 0, 0, 0]	['hold a grudge']	english	['hold a grudge']	[1.0]	False	['O', 'O', 'O', 'O', 'B-IDIOM', 'I-IDIOM', 'I-IDIOM', 'O', 'O', 'O', 'O', 'O']
Let me see if I can light a fire under the waiter to get our order sooner.	['Let ', 'me ', 'see ', 'if ', 'I ', 'can ', 'light ', 'a ', 'fire ', 'under ', 'the ', 'waiter ', 'to ', 'get ', 'our ', 'order ', 'sooner', '.']	['O', 'O', 'O', 'O', 'O', 'O', 'B-IDIOM', 'I-IDIOM', 'I-IDIOM', 'I-IDIOM', 'O', 'O', 'O', 'O', 'O', 'O', 'O', 'O']	[0, 0, 0, 0, 0, 0, 1, 2, 2, 2, 0, 0, 0, 0, 0, 0, 0, 0]	['light a fire under']	english	['light a fire under']	[1.0]	False	['O', 'O', 'O', 'O', 'O', 'O', 'B-IDIOM', 'I-IDIOM', 'I-IDIOM', 'I-IDIOM', 'O', 'O', 'O', 'O', 'O', 'O', 'O', 'O']
I need to get a move on if I'm going to arrive before dark.	"['I ', 'need ', 'to ', 'get ', 'a ', 'move ', 'on ', 'if ', 'I', ""'m "", 'going ', 'to ', 'arrive ', 'before ', 'dark', '.']"	['O', 'O', 'O', 'B-IDIOM', 'I-IDIOM', 'I-IDIOM', 'I-IDIOM', 'O', 'O', 'O', 'O', 'O', 'O', 'O', 'O', 'O']	[0, 0, 0, 1, 2, 2, 2, 0, 0, 0, 0, 0, 0, 0, 0, 0]	['get a move on']	english	['get a move on']	[1.0]	False	['O', 'O', 'O', 'B-IDIOM', 'I-IDIOM', 'I-IDIOM', 'I-IDIOM', 'O', 'O', 'O', 'O', 'O', 'O', 'O', 'O', 'O']
The old horse finally kicked the bucket.	['The ', 'old ', 'horse ', 'finally ', 'kicked ', 'the ', 'bucket', '.']	['O', 'O', 'O', 'O', 'B-IDIOM', 'I-IDIOM', 'I-IDIOM', 'O']	[0, 0, 0, 0, 1, 2, 2, 0]	['kicked the bucket']	english	['kicked the bucket']	[1.0]	False	['O', 'O', 'O', 'O', 'B-IDIOM', 'I-IDIOM', 'I-IDIOM', 'O']
Every year he resolves to turn over a new leaf and start exercising.	['Every ', 'year ', 'he ', 'resolves ', 'to ', 'turn ', 'over ', 'a ', 'new ', 'leaf ', 'and ', 'start ', 'exercising', '.']	['O', 'O', 'O', 'O', 'O', 'B-IDIOM', 'I-IDIOM', 'I-IDIOM', 'I-IDIOM', 'I-IDIOM', 'O', 'O', 'O', 'O']	[0, 0, 0, 0, 0, 1, 2, 2, 2, 2, 0, 0, 0, 0]	['turn over a new leaf']	english	['turn over a new leaf']	[1.0]	False	['O', 'O', 'O', 'O', 'O', 'B-IDIOM', 'I-IDIOM', 'I-IDIOM', 'I-IDIOM', 'I-IDIOM', 'O', 'O', 'O', 'O']
Women are “woefully” under-represented in parliament, the courts and the boardroom, with new research showing that the glass ceiling is still holding back 6,000 women from the top 33,000 jobs in Britain.	['Women ', 'are ', '“', 'woefully', '” ', 'under', '-', 'represented ', 'in ', 'parliament', ', ', 'the ', 'courts ', 'and ', 'the ', 'boardroom', ', ', 'with ', 'new ', 'research ', 'showing ', 'that ', 'the ', 'glass ', 'ceiling ', 'is ', 'still ', 'holding ', 'back ', '6,000 ', 'women ', 'from ', 'the ', 'top ', '33,000 ', 'jobs ', 'in ', 'Britain', '.']	['O', 'O', 'O', 'O', 'O', 'O', 'O', 'O', 'O', 'O', 'O', 'O', 'O', 'O', 'O', 'O', 'O', 'O', 'O', 'O', 'O', 'O', 'O', 'B-IDIOM', 'I-IDIOM', 'O', 'O', 'O', 'O', 'O', 'O', 'O', 'O', 'O', 'O', 'O', 'O', 'O', 'O']	[0, 0, 0, 0, 0, 0, 0, 0, 0, 0, 0, 0, 0, 0, 0, 0, 0, 0, 0, 0, 0, 0, 0, 1, 2, 0, 0, 0, 0, 0, 0, 0, 0, 0, 0, 0, 0, 0, 0]	['glass ceiling']	english	['glass ceiling']	[1.0]	False	['O', 'O', 'O', 'O', 'O', 'O', 'O', 'O', 'O', 'O', 'O', 'O', 'O', 'O', 'O', 'O', 'O', 'O', 'O', 'O', 'O', 'O', 'O', 'B-IDIOM', 'I-IDIOM', 'O', 'O', 'O', 'O', 'O', 'O', 'O', 'O', 'O', 'O', 'O', 'O', 'O', 'O']
The new bond issue now appears to be on the bubble, with support eroding.	['The ', 'new ', 'bond ', 'issue ', 'now ', 'appears ', 'to ', 'be ', 'on ', 'the ', 'bubble', ', ', 'with ', 'support ', 'eroding', '.']	['O', 'O', 'O', 'O', 'O', 'O', 'O', 'O', 'B-IDIOM', 'I-IDIOM', 'I-IDIOM', 'O', 'O', 'O', 'O', 'O']	[0, 0, 0, 0, 0, 0, 0, 0, 1, 2, 2, 0, 0, 0, 0, 0]	['on the bubble']	english	['on the bubble']	[1.0]	False	['O', 'O', 'O', 'O', 'O', 'O', 'O', 'O', 'B-IDIOM', 'I-IDIOM', 'I-IDIOM', 'O', 'O', 'O', 'O', 'O']
Hang a Louie up at the next stoplight.	['Hang ', 'a ', 'Louie ', 'up ', 'at ', 'the ', 'next ', 'stoplight', '.']	['B-IDIOM', 'I-IDIOM', 'I-IDIOM', 'O', 'O', 'O', 'O', 'O', 'O']	[1, 2, 2, 0, 0, 0, 0, 0, 0]	['Hang a Louie']	english	['hang a louie']	[1.0]	False	['B-IDIOM', 'I-IDIOM', 'I-IDIOM', 'O', 'O', 'O', 'O', 'O', 'O']
Hang a Ralph up at the next stoplight.	['Hang ', 'a ', 'Ralph ', 'up ', 'at ', 'the ', 'next ', 'stoplight', '.']	['B-IDIOM', 'I-IDIOM', 'I-IDIOM', 'O', 'O', 'O', 'O', 'O', 'O']	[1, 2, 2, 0, 0, 0, 0, 0, 0]	['Hang a Ralph']	english	['hang a ralph']	[0.8]	False	['B-IDIOM', 'I-IDIOM', 'I-IDIOM', 'O', 'O', 'O', 'O', 'O', 'O']
There were so many errors in the program that the programmer decided to rewrite it from scratch.	['There ', 'were ', 'so ', 'many ', 'errors ', 'in ', 'the ', 'program ', 'that ', 'the ', 'programmer ', 'decided ', 'to ', 'rewrite ', 'it ', 'from ', 'scratch', '.']	['O', 'O', 'O', 'O', 'O', 'O', 'O', 'O', 'O', 'O', 'O', 'O', 'O', 'O', 'O', 'B-IDIOM', 'I-IDIOM', 'O']	[0, 0, 0, 0, 0, 0, 0, 0, 0, 0, 0, 0, 0, 0, 0, 1, 2, 0]	['from scratch']	english	['from scratch']	[0.6]	False	['O', 'O', 'O', 'O', 'O', 'O', 'O', 'O', 'O', 'O', 'O', 'O', 'O', 'O', 'O', 'B-IDIOM', 'I-IDIOM', 'O']
She said she wanted to build a new house from scratch.	['She ', 'said ', 'she ', 'wanted ', 'to ', 'build ', 'a ', 'new ', 'house ', 'from ', 'scratch', '.']	['O', 'O', 'O', 'O', 'O', 'O', 'O', 'O', 'O', 'B-IDIOM', 'I-IDIOM', 'O']	[0, 0, 0, 0, 0, 0, 0, 0, 0, 1, 2, 0]	['from scratch']	english	['from scratch']	[0.8]	False	['O', 'O', 'O', 'O', 'O', 'O', 'O', 'O', 'O', 'B-IDIOM', 'I-IDIOM', 'O']
She finally came out of the closet to her religious family regarding her atheism.	['She ', 'finally ', 'came ', 'out ', 'of ', 'the ', 'closet ', 'to ', 'her ', 'religious ', 'family ', 'regarding ', 'her ', 'atheism', '.']	['O', 'O', 'B-IDIOM', 'I-IDIOM', 'I-IDIOM', 'I-IDIOM', 'I-IDIOM', 'O', 'O', 'O', 'O', 'O', 'O', 'O', 'O']	[0, 0, 1, 2, 2, 2, 2, 0, 0, 0, 0, 0, 0, 0, 0]	['came out of the closet']	english	['came out of the closet']	[1.0]	False	['O', 'O', 'B-IDIOM', 'I-IDIOM', 'I-IDIOM', 'I-IDIOM', 'I-IDIOM', 'O', 'O', 'O', 'O', 'O', 'O', 'O', 'O']
I stayed in a lot of hotels in New York with the Dead and with Jerry's band, but the Navarro, more than any other, became our home away from home.	"['I ', 'stayed ', 'in ', 'a ', 'lot ', 'of ', 'hotels ', 'in ', 'New ', 'York ', 'with ', 'the ', 'Dead ', 'and ', 'with ', 'Jerry', ""'s "", 'band', ', ', 'but ', 'the ', 'Navarro', ', ', 'more ', 'than ', 'any ', 'other', ', ', 'became ', 'our ', 'home ', 'away ', 'from ', 'home', '.']"	['O', 'O', 'O', 'O', 'O', 'O', 'O', 'O', 'O', 'O', 'O', 'O', 'O', 'O', 'O', 'O', 'O', 'O', 'O', 'O', 'O', 'O', 'O', 'O', 'O', 'O', 'O', 'O', 'O', 'O', 'B-IDIOM', 'I-IDIOM', 'I-IDIOM', 'I-IDIOM', 'O']	[0, 0, 0, 0, 0, 0, 0, 0, 0, 0, 0, 0, 0, 0, 0, 0, 0, 0, 0, 0, 0, 0, 0, 0, 0, 0, 0, 0, 0, 0, 1, 2, 2, 2, 0]	['home away from home']	english	['home away from home']	[1.0]	False	['O', 'O', 'O', 'O', 'O', 'O', 'O', 'O', 'O', 'O', 'O', 'O', 'O', 'O', 'O', 'O', 'O', 'O', 'O', 'O', 'O', 'O', 'O', 'O', 'O', 'O', 'O', 'O', 'O', 'O', 'B-IDIOM', 'I-IDIOM', 'I-IDIOM', 'I-IDIOM', 'O']
Nature took its course, and Marie did give birth to a bundle of joy, but she soon discovered that motherhood was not all bliss.	['Nature ', 'took ', 'its ', 'course', ', ', 'and ', 'Marie ', 'did ', 'give ', 'birth ', 'to ', 'a ', 'bundle ', 'of ', 'joy', ', ', 'but ', 'she ', 'soon ', 'discovered ', 'that ', 'motherhood ', 'was ', 'not ', 'all ', 'bliss', '.']	['O', 'O', 'O', 'O', 'O', 'O', 'O', 'O', 'O', 'O', 'O', 'O', 'B-IDIOM', 'I-IDIOM', 'I-IDIOM', 'O', 'O', 'O', 'O', 'O', 'O', 'O', 'O', 'O', 'O', 'O', 'O']	[0, 0, 0, 0, 0, 0, 0, 0, 0, 0, 0, 0, 1, 2, 2, 0, 0, 0, 0, 0, 0, 0, 0, 0, 0, 0, 0]	['bundle of joy']	english	['bundle of joy']	[1.0]	False	['O', 'O', 'O', 'O', 'O', 'O', 'O', 'O', 'O', 'O', 'O', 'O', 'B-IDIOM', 'I-IDIOM', 'I-IDIOM', 'O', 'O', 'O', 'O', 'O', 'O', 'O', 'O', 'O', 'O', 'O', 'O']
Stars of the stage and the silver screen gathered for the awards ceremony.	['Stars ', 'of ', 'the ', 'stage ', 'and ', 'the ', 'silver ', 'screen ', 'gathered ', 'for ', 'the ', 'awards ', 'ceremony', '.']	['O', 'O', 'O', 'O', 'O', 'O', 'B-IDIOM', 'I-IDIOM', 'O', 'O', 'O', 'O', 'O', 'O']	[0, 0, 0, 0, 0, 0, 1, 2, 0, 0, 0, 0, 0, 0]	['silver screen']	english	['silver screen']	[0.8]	False	['O', 'O', 'O', 'O', 'O', 'O', 'B-IDIOM', 'I-IDIOM', 'O', 'O', 'O', 'O', 'O', 'O']
Many are warning Spears that he is bad news and is trying to use her.	['Many ', 'are ', 'warning ', 'Spears ', 'that ', 'he ', 'is ', 'bad ', 'news ', 'and ', 'is ', 'trying ', 'to ', 'use ', 'her', '.']	['O', 'O', 'O', 'O', 'O', 'O', 'O', 'B-IDIOM', 'I-IDIOM', 'O', 'O', 'O', 'O', 'O', 'O', 'O']	[0, 0, 0, 0, 0, 0, 0, 1, 2, 0, 0, 0, 0, 0, 0, 0]	['bad news']	english	['bad news']	[1.0]	False	['O', 'O', 'O', 'O', 'O', 'O', 'O', 'B-IDIOM', 'I-IDIOM', 'O', 'O', 'O', 'O', 'O', 'O', 'O']
The figures are going to be in the red this year.	['The ', 'figures ', 'are ', 'going ', 'to ', 'be ', 'in ', 'the ', 'red ', 'this ', 'year', '.']	['O', 'O', 'O', 'O', 'O', 'O', 'B-IDIOM', 'I-IDIOM', 'I-IDIOM', 'O', 'O', 'O']	[0, 0, 0, 0, 0, 0, 1, 2, 2, 0, 0, 0]	['in the red']	english	['in the red']	[1.0]	False	['O', 'O', 'O', 'O', 'O', 'O', 'B-IDIOM', 'I-IDIOM', 'I-IDIOM', 'O', 'O', 'O']
I was beginning to wish I'd had the sense to spend the last hour in a pub. Dutch courage would have been better than no courage at all.	"['I ', 'was ', 'beginning ', 'to ', 'wish ', 'I', ""'d "", 'had ', 'the ', 'sense ', 'to ', 'spend ', 'the ', 'last ', 'hour ', 'in ', 'a ', 'pub', '. ', 'Dutch ', 'courage ', 'would ', 'have ', 'been ', 'better ', 'than ', 'no ', 'courage ', 'at ', 'all', '.']"	['O', 'O', 'O', 'O', 'O', 'O', 'O', 'O', 'O', 'O', 'O', 'O', 'O', 'O', 'O', 'O', 'O', 'O', 'O', 'B-IDIOM', 'I-IDIOM', 'O', 'O', 'O', 'O', 'O', 'O', 'O', 'O', 'O', 'O']	[0, 0, 0, 0, 0, 0, 0, 0, 0, 0, 0, 0, 0, 0, 0, 0, 0, 0, 0, 1, 2, 0, 0, 0, 0, 0, 0, 0, 0, 0, 0]	['Dutch courage']	english	['dutch courage']	[1.0]	False	['O', 'O', 'O', 'O', 'O', 'O', 'O', 'O', 'O', 'O', 'O', 'O', 'O', 'O', 'O', 'O', 'O', 'O', 'O', 'B-IDIOM', 'I-IDIOM', 'O', 'O', 'O', 'O', 'O', 'O', 'O', 'O', 'O', 'O']
Another five minutes wait and we finally raise glasses in a toast to the evening. ‘So, what's the plan?’ ‘Well, we can go straight to the casino after this or we can get half a skinful of Dutch courage.’	"['Another ', 'five ', 'minutes ', 'wait ', 'and ', 'we ', 'finally ', 'raise ', 'glasses ', 'in ', 'a ', 'toast ', 'to ', 'the ', 'evening', '. ', '‘', 'So', ', ', 'what', ""'s "", 'the ', 'plan', '?', '’ ', '‘', 'Well', ', ', 'we ', 'can ', 'go ', 'straight ', 'to ', 'the ', 'casino ', 'after ', 'this ', 'or ', 'we ', 'can ', 'get ', 'half ', 'a ', 'skinful ', 'of ', 'Dutch ', 'courage', '.', '’']"	['O', 'O', 'O', 'O', 'O', 'O', 'O', 'O', 'O', 'O', 'O', 'O', 'O', 'O', 'O', 'O', 'O', 'O', 'O', 'O', 'O', 'O', 'O', 'O', 'O', 'O', 'O', 'O', 'O', 'O', 'O', 'O', 'O', 'O', 'O', 'O', 'O', 'O', 'O', 'O', 'O', 'O', 'O', 'O', 'O', 'B-IDIOM', 'I-IDIOM', 'O', 'O']	[0, 0, 0, 0, 0, 0, 0, 0, 0, 0, 0, 0, 0, 0, 0, 0, 0, 0, 0, 0, 0, 0, 0, 0, 0, 0, 0, 0, 0, 0, 0, 0, 0, 0, 0, 0, 0, 0, 0, 0, 0, 0, 0, 0, 0, 1, 2, 0, 0]	['Dutch courage']	english	['dutch courage']	[1.0]	False	['O', 'O', 'O', 'O', 'O', 'O', 'O', 'O', 'O', 'O', 'O', 'O', 'O', 'O', 'O', 'O', 'O', 'O', 'O', 'O', 'O', 'O', 'O', 'O', 'O', 'O', 'O', 'O', 'O', 'O', 'O', 'O', 'O', 'O', 'O', 'O', 'O', 'O', 'O', 'O', 'O', 'O', 'O', 'O', 'O', 'B-IDIOM', 'I-IDIOM', 'O', 'O']
By going against the grain and going to work nude, you've made yourself a laughing stock.	"['By ', 'going ', 'against ', 'the ', 'grain ', 'and ', 'going ', 'to ', 'work ', 'nude', ', ', 'you', ""'ve "", 'made ', 'yourself ', 'a ', 'laughing ', 'stock', '.']"	['O', 'O', 'B-IDIOM', 'I-IDIOM', 'I-IDIOM', 'O', 'O', 'O', 'O', 'O', 'O', 'O', 'O', 'O', 'O', 'O', 'O', 'O', 'O']	[0, 0, 1, 2, 2, 0, 0, 0, 0, 0, 0, 0, 0, 0, 0, 0, 0, 0, 0]	['against the grain']	english	['against the grain', 'laughing stock']	[1.0, 1.0]	False	['O', 'O', 'B-IDIOM', 'I-IDIOM', 'I-IDIOM', 'O', 'O', 'O', 'O', 'O', 'O', 'O', 'O', 'O', 'O', 'O', 'B-IDIOM', 'I-IDIOM', 'O']
It went much against the grain with him	['It ', 'went ', 'much ', 'against ', 'the ', 'grain ', 'with ', 'him']	['O', 'O', 'O', 'B-IDIOM', 'I-IDIOM', 'I-IDIOM', 'O', 'O']	[0, 0, 0, 1, 2, 2, 0, 0]	['against the grain']	english	['against the grain']	[1.0]	False	['O', 'O', 'O', 'B-IDIOM', 'I-IDIOM', 'I-IDIOM', 'O', 'O']
Donald Rumsfeld had become a sex symbol. She observed that he was called a “virtual rock star” on CNN, a “babe magnet” on Fox, and “Rumstud” by the president.	['Donald ', 'Rumsfeld ', 'had ', 'become ', 'a ', 'sex ', 'symbol', '. ', 'She ', 'observed ', 'that ', 'he ', 'was ', 'called ', 'a ', '“', 'virtual ', 'rock ', 'star', '” ', 'on ', 'CNN', ', ', 'a ', '“', 'babe ', 'magnet', '” ', 'on ', 'Fox', ', ', 'and ', '“', 'Rumstud', '” ', 'by ', 'the ', 'president', '.']	['O', 'O', 'O', 'O', 'O', 'O', 'O', 'O', 'O', 'O', 'O', 'O', 'O', 'O', 'O', 'O', 'O', 'O', 'O', 'O', 'O', 'O', 'O', 'O', 'O', 'B-IDIOM', 'I-IDIOM', 'O', 'O', 'O', 'O', 'O', 'O', 'O', 'O', 'O', 'O', 'O', 'O']	[0, 0, 0, 0, 0, 0, 0, 0, 0, 0, 0, 0, 0, 0, 0, 0, 0, 0, 0, 0, 0, 0, 0, 0, 0, 1, 2, 0, 0, 0, 0, 0, 0, 0, 0, 0, 0, 0, 0]	['babe magnet']	english	[]	[]	False	['O', 'O', 'O', 'O', 'O', 'O', 'O', 'O', 'O', 'O', 'O', 'O', 'O', 'O', 'O', 'O', 'O', 'O', 'O', 'O', 'O', 'O', 'O', 'O', 'O', 'O', 'O', 'O', 'O', 'O', 'O', 'O', 'O', 'O', 'O', 'O', 'O', 'O', 'O']
I'm tired of being your second fiddle!	"['I', ""'m "", 'tired ', 'of ', 'being ', 'your ', 'second ', 'fiddle', '!']"	['O', 'O', 'O', 'O', 'O', 'O', 'B-IDIOM', 'I-IDIOM', 'O']	[0, 0, 0, 0, 0, 0, 1, 2, 0]	['second fiddle']	english	['second fiddle']	[1.0]	False	['O', 'O', 'O', 'O', 'O', 'O', 'B-IDIOM', 'I-IDIOM', 'O']
The three-day party had been a lot of fun, we did a lot of bad things, now it is time to pay the fiddler.	['The ', 'three', '-', 'day ', 'party ', 'had ', 'been ', 'a ', 'lot ', 'of ', 'fun', ', ', 'we ', 'did ', 'a ', 'lot ', 'of ', 'bad ', 'things', ', ', 'now ', 'it ', 'is ', 'time ', 'to ', 'pay ', 'the ', 'fiddler', '.']	['O', 'O', 'O', 'O', 'O', 'O', 'O', 'O', 'O', 'O', 'O', 'O', 'O', 'O', 'O', 'O', 'O', 'O', 'O', 'O', 'O', 'O', 'O', 'O', 'O', 'B-IDIOM', 'I-IDIOM', 'I-IDIOM', 'O']	[0, 0, 0, 0, 0, 0, 0, 0, 0, 0, 0, 0, 0, 0, 0, 0, 0, 0, 0, 0, 0, 0, 0, 0, 0, 1, 2, 2, 0]	['pay the fiddler']	english	['pay the fiddler']	[1.0]	False	['O', 'O', 'O', 'O', 'O', 'O', 'O', 'O', 'O', 'O', 'O', 'O', 'O', 'O', 'O', 'O', 'O', 'O', 'O', 'O', 'O', 'O', 'O', 'O', 'O', 'B-IDIOM', 'I-IDIOM', 'I-IDIOM', 'O']
And in all her letters since, she had spoken of her aunt as a silly, vain, worldly woman, weeping crocodile tears, for an old husband whose death had released her from the tedium of his company.	['And ', 'in ', 'all ', 'her ', 'letters ', 'since', ', ', 'she ', 'had ', 'spoken ', 'of ', 'her ', 'aunt ', 'as ', 'a ', 'silly', ', ', 'vain', ', ', 'worldly ', 'woman', ', ', 'weeping ', 'crocodile ', 'tears', ', ', 'for ', 'an ', 'old ', 'husband ', 'whose ', 'death ', 'had ', 'released ', 'her ', 'from ', 'the ', 'tedium ', 'of ', 'his ', 'company', '.']	['O', 'O', 'O', 'O', 'O', 'O', 'O', 'O', 'O', 'O', 'O', 'O', 'O', 'O', 'O', 'O', 'O', 'O', 'O', 'O', 'O', 'O', 'O', 'B-IDIOM', 'I-IDIOM', 'O', 'O', 'O', 'O', 'O', 'O', 'O', 'O', 'O', 'O', 'O', 'O', 'O', 'O', 'O', 'O', 'O']	[0, 0, 0, 0, 0, 0, 0, 0, 0, 0, 0, 0, 0, 0, 0, 0, 0, 0, 0, 0, 0, 0, 0, 1, 2, 0, 0, 0, 0, 0, 0, 0, 0, 0, 0, 0, 0, 0, 0, 0, 0, 0]	['crocodile tears']	english	['crocodile tears']	[1.0]	False	['O', 'O', 'O', 'O', 'O', 'O', 'O', 'O', 'O', 'O', 'O', 'O', 'O', 'O', 'O', 'O', 'O', 'O', 'O', 'O', 'O', 'O', 'O', 'B-IDIOM', 'I-IDIOM', 'O', 'O', 'O', 'O', 'O', 'O', 'O', 'O', 'O', 'O', 'O', 'O', 'O', 'O', 'O', 'O', 'O']
He finished writing his paper and slid it under the door just in the nick of time.	['He ', 'finished ', 'writing ', 'his ', 'paper ', 'and ', 'slid ', 'it ', 'under ', 'the ', 'door ', 'just ', 'in ', 'the ', 'nick ', 'of ', 'time', '.']	['O', 'O', 'O', 'O', 'O', 'O', 'O', 'O', 'O', 'O', 'O', 'O', 'B-IDIOM', 'I-IDIOM', 'I-IDIOM', 'I-IDIOM', 'I-IDIOM', 'O']	[0, 0, 0, 0, 0, 0, 0, 0, 0, 0, 0, 0, 1, 2, 2, 2, 2, 0]	['in the nick of time']	english	['in the nick of time']	[1.0]	False	['O', 'O', 'O', 'O', 'O', 'O', 'O', 'O', 'O', 'O', 'O', 'O', 'B-IDIOM', 'I-IDIOM', 'I-IDIOM', 'I-IDIOM', 'I-IDIOM', 'O']
The fix I made was just a penny in the fusebox; we need to revisit it and fix the problem for real.	['The ', 'fix ', 'I ', 'made ', 'was ', 'just ', 'a ', 'penny ', 'in ', 'the ', 'fusebox', '; ', 'we ', 'need ', 'to ', 'revisit ', 'it ', 'and ', 'fix ', 'the ', 'problem ', 'for ', 'real', '.']	['O', 'O', 'O', 'O', 'O', 'O', 'O', 'B-IDIOM', 'I-IDIOM', 'I-IDIOM', 'I-IDIOM', 'O', 'O', 'O', 'O', 'O', 'O', 'O', 'O', 'O', 'O', 'O', 'O', 'O']	[0, 0, 0, 0, 0, 0, 0, 1, 2, 2, 2, 0, 0, 0, 0, 0, 0, 0, 0, 0, 0, 0, 0, 0]	['penny in the fusebox']	english	['a penny in the fusebox']	[0.6]	False	['O', 'O', 'O', 'O', 'O', 'O', 'B-IDIOM', 'I-IDIOM', 'I-IDIOM', 'I-IDIOM', 'I-IDIOM', 'O', 'O', 'O', 'O', 'O', 'O', 'O', 'O', 'O', 'O', 'O', 'O', 'O']
That striker has scored four goals so far - he's on fire!	"['That ', 'striker ', 'has ', 'scored ', 'four ', 'goals ', 'so ', 'far ', '- ', 'he', ""'s "", 'on ', 'fire', '!']"	['O', 'O', 'O', 'O', 'O', 'O', 'O', 'O', 'O', 'O', 'O', 'B-IDIOM', 'I-IDIOM', 'O']	[0, 0, 0, 0, 0, 0, 0, 0, 0, 0, 0, 1, 2, 0]	['on fire']	english	['on fire']	[1.0]	False	['O', 'O', 'O', 'O', 'O', 'O', 'O', 'O', 'O', 'O', 'O', 'B-IDIOM', 'I-IDIOM', 'O']
Oh please go on the game. It's a steady job and you'd be working from home.	"['Oh ', 'please ', 'go ', 'on ', 'the ', 'game', '. ', 'It', ""'s "", 'a ', 'steady ', 'job ', 'and ', 'you', ""'d "", 'be ', 'working ', 'from ', 'home', '.']"	['O', 'O', 'O', 'B-IDIOM', 'I-IDIOM', 'I-IDIOM', 'O', 'O', 'O', 'O', 'O', 'O', 'O', 'O', 'O', 'O', 'O', 'O', 'O', 'O']	[0, 0, 0, 1, 2, 2, 0, 0, 0, 0, 0, 0, 0, 0, 0, 0, 0, 0, 0, 0]	['on the game']	english	['on the game']	[0.8]	False	['O', 'O', 'O', 'B-IDIOM', 'I-IDIOM', 'I-IDIOM', 'O', 'O', 'O', 'O', 'O', 'O', 'O', 'O', 'O', 'O', 'O', 'O', 'O', 'O']
Among these odd folk, who correspond exactly to the decadent element of “white trash” in the South, law and morals are non-existent; and their general mental status is probably below that of any other section of the native American people.	['Among ', 'these ', 'odd ', 'folk', ', ', 'who ', 'correspond ', 'exactly ', 'to ', 'the ', 'decadent ', 'element ', 'of ', '“', 'white ', 'trash', '” ', 'in ', 'the ', 'South', ', ', 'law ', 'and ', 'morals ', 'are ', 'non', '-', 'existent', '; ', 'and ', 'their ', 'general ', 'mental ', 'status ', 'is ', 'probably ', 'below ', 'that ', 'of ', 'any ', 'other ', 'section ', 'of ', 'the ', 'native ', 'American ', 'people', '.']	['O', 'O', 'O', 'O', 'O', 'O', 'O', 'O', 'O', 'O', 'O', 'O', 'O', 'O', 'B-IDIOM', 'I-IDIOM', 'O', 'O', 'O', 'O', 'O', 'O', 'O', 'O', 'O', 'O', 'O', 'O', 'O', 'O', 'O', 'O', 'O', 'O', 'O', 'O', 'O', 'O', 'O', 'O', 'O', 'O', 'O', 'O', 'O', 'O', 'O', 'O']	[0, 0, 0, 0, 0, 0, 0, 0, 0, 0, 0, 0, 0, 0, 1, 2, 0, 0, 0, 0, 0, 0, 0, 0, 0, 0, 0, 0, 0, 0, 0, 0, 0, 0, 0, 0, 0, 0, 0, 0, 0, 0, 0, 0, 0, 0, 0, 0]	['white trash']	english	[]	[]	False	['O', 'O', 'O', 'O', 'O', 'O', 'O', 'O', 'O', 'O', 'O', 'O', 'O', 'O', 'O', 'O', 'O', 'O', 'O', 'O', 'O', 'O', 'O', 'O', 'O', 'O', 'O', 'O', 'O', 'O', 'O', 'O', 'O', 'O', 'O', 'O', 'O', 'O', 'O', 'O', 'O', 'O', 'O', 'O', 'O', 'O', 'O', 'O']
It'll be a cold day in hell when that happens.	"['It', ""'ll "", 'be ', 'a ', 'cold ', 'day ', 'in ', 'hell ', 'when ', 'that ', 'happens', '.']"	['O', 'O', 'O', 'O', 'B-IDIOM', 'I-IDIOM', 'I-IDIOM', 'I-IDIOM', 'O', 'O', 'O', 'O']	[0, 0, 0, 0, 1, 2, 2, 2, 0, 0, 0, 0]	['cold day in hell']	english	['a cold day in hell']	[1.0]	False	['O', 'O', 'O', 'B-IDIOM', 'I-IDIOM', 'I-IDIOM', 'I-IDIOM', 'I-IDIOM', 'O', 'O', 'O', 'O']
This software has to work out of the box, without any fancy installation.	['This ', 'software ', 'has ', 'to ', 'work ', 'out ', 'of ', 'the ', 'box', ', ', 'without ', 'any ', 'fancy ', 'installation', '.']	['O', 'O', 'O', 'O', 'O', 'B-IDIOM', 'I-IDIOM', 'I-IDIOM', 'I-IDIOM', 'O', 'O', 'O', 'O', 'O', 'O']	[0, 0, 0, 0, 0, 1, 2, 2, 2, 0, 0, 0, 0, 0, 0]	['out of the box']	english	['out of the box']	[1.0]	False	['O', 'O', 'O', 'O', 'O', 'B-IDIOM', 'I-IDIOM', 'I-IDIOM', 'I-IDIOM', 'O', 'O', 'O', 'O', 'O', 'O']
He started out with the rather obvious alternative of talking to Junior; Hesh’s scheme was more imaginative; and Tony’s idea of torching the restaurant really is out of the box.	['He ', 'started ', 'out ', 'with ', 'the ', 'rather ', 'obvious ', 'alternative ', 'of ', 'talking ', 'to ', 'Junior', '; ', 'Hesh', '’s ', 'scheme ', 'was ', 'more ', 'imaginative', '; ', 'and ', 'Tony', '’s ', 'idea ', 'of ', 'torching ', 'the ', 'restaurant ', 'really ', 'is ', 'out ', 'of ', 'the ', 'box', '.']	['O', 'O', 'O', 'O', 'O', 'O', 'O', 'O', 'O', 'O', 'O', 'O', 'O', 'O', 'O', 'O', 'O', 'O', 'O', 'O', 'O', 'O', 'O', 'O', 'O', 'O', 'O', 'O', 'O', 'O', 'B-IDIOM', 'I-IDIOM', 'I-IDIOM', 'I-IDIOM', 'O']	[0, 0, 0, 0, 0, 0, 0, 0, 0, 0, 0, 0, 0, 0, 0, 0, 0, 0, 0, 0, 0, 0, 0, 0, 0, 0, 0, 0, 0, 0, 1, 2, 2, 2, 0]	['out of the box']	english	['out of the box']	[1.0]	False	['O', 'O', 'O', 'O', 'O', 'O', 'O', 'O', 'O', 'O', 'O', 'O', 'O', 'O', 'O', 'O', 'O', 'O', 'O', 'O', 'O', 'O', 'O', 'O', 'O', 'O', 'O', 'O', 'O', 'O', 'B-IDIOM', 'I-IDIOM', 'I-IDIOM', 'I-IDIOM', 'O']
He attended the meeting to ride shotgun for the sales team, in case anyone had a technical question.	['He ', 'attended ', 'the ', 'meeting ', 'to ', 'ride ', 'shotgun ', 'for ', 'the ', 'sales ', 'team', ', ', 'in ', 'case ', 'anyone ', 'had ', 'a ', 'technical ', 'question', '.']	['O', 'O', 'O', 'O', 'O', 'B-IDIOM', 'I-IDIOM', 'O', 'O', 'O', 'O', 'O', 'O', 'O', 'O', 'O', 'O', 'O', 'O', 'O']	[0, 0, 0, 0, 0, 1, 2, 0, 0, 0, 0, 0, 0, 0, 0, 0, 0, 0, 0, 0]	['ride shotgun']	english	['ride shotgun']	[1.0]	False	['O', 'O', 'O', 'O', 'O', 'B-IDIOM', 'I-IDIOM', 'O', 'O', 'O', 'O', 'O', 'O', 'O', 'O', 'O', 'O', 'O', 'O', 'O']
"""Orde, you're all right on the river,"" said Newmark, with a dry little laugh, ""but you're a babe in the woods at this game."""	"['""', 'Orde', ', ', 'you', ""'re "", 'all ', 'right ', 'on ', 'the ', 'river', ',', '"" ', 'said ', 'Newmark', ', ', 'with ', 'a ', 'dry ', 'little ', 'laugh', ', ', '""', 'but ', 'you', ""'re "", 'a ', 'babe ', 'in ', 'the ', 'woods ', 'at ', 'this ', 'game', '.', '""']"	['O', 'O', 'O', 'O', 'O', 'O', 'O', 'O', 'O', 'O', 'O', 'O', 'O', 'O', 'O', 'O', 'O', 'O', 'O', 'O', 'O', 'O', 'O', 'O', 'O', 'O', 'B-IDIOM', 'I-IDIOM', 'I-IDIOM', 'I-IDIOM', 'O', 'O', 'O', 'O', 'O']	[0, 0, 0, 0, 0, 0, 0, 0, 0, 0, 0, 0, 0, 0, 0, 0, 0, 0, 0, 0, 0, 0, 0, 0, 0, 0, 1, 2, 2, 2, 0, 0, 0, 0, 0]	['babe in the woods']	english	['babe in the woods']	[0.8]	False	['O', 'O', 'O', 'O', 'O', 'O', 'O', 'O', 'O', 'O', 'O', 'O', 'O', 'O', 'O', 'O', 'O', 'O', 'O', 'O', 'O', 'O', 'O', 'O', 'O', 'O', 'B-IDIOM', 'I-IDIOM', 'I-IDIOM', 'I-IDIOM', 'O', 'O', 'O', 'O', 'O']
It exists in a grey area between legal and illegal.	['It ', 'exists ', 'in ', 'a ', 'grey ', 'area ', 'between ', 'legal ', 'and ', 'illegal', '.']	['O', 'O', 'O', 'O', 'B-IDIOM', 'I-IDIOM', 'O', 'O', 'O', 'O', 'O']	[0, 0, 0, 0, 1, 2, 0, 0, 0, 0, 0]	['grey area']	english	[]	[]	False	['O', 'O', 'O', 'O', 'O', 'O', 'O', 'O', 'O', 'O', 'O']
Unfortunately, it fell between two stools: it was not good enough to be a competition car and those who wanted a roadburner preferred the Iso Grifo, which was better equipped.	['Unfortunately', ', ', 'it ', 'fell ', 'between ', 'two ', 'stools', ': ', 'it ', 'was ', 'not ', 'good ', 'enough ', 'to ', 'be ', 'a ', 'competition ', 'car ', 'and ', 'those ', 'who ', 'wanted ', 'a ', 'roadburner ', 'preferred ', 'the ', 'Iso ', 'Grifo', ', ', 'which ', 'was ', 'better ', 'equipped', '.']	['O', 'O', 'O', 'B-IDIOM', 'I-IDIOM', 'I-IDIOM', 'I-IDIOM', 'O', 'O', 'O', 'O', 'O', 'O', 'O', 'O', 'O', 'O', 'O', 'O', 'O', 'O', 'O', 'O', 'O', 'O', 'O', 'O', 'O', 'O', 'O', 'O', 'O', 'O', 'O']	[0, 0, 0, 1, 2, 2, 2, 0, 0, 0, 0, 0, 0, 0, 0, 0, 0, 0, 0, 0, 0, 0, 0, 0, 0, 0, 0, 0, 0, 0, 0, 0, 0, 0]	['fell between two stools']	english	['fell between two stools']	[1.0]	False	['O', 'O', 'O', 'B-IDIOM', 'I-IDIOM', 'I-IDIOM', 'I-IDIOM', 'O', 'O', 'O', 'O', 'O', 'O', 'O', 'O', 'O', 'O', 'O', 'O', 'O', 'O', 'O', 'O', 'O', 'O', 'O', 'O', 'O', 'O', 'O', 'O', 'O', 'O', 'O']
She could not bear to lose the land she had got by a swindle; and then she could not bear the loss of her lover. So she fell between two stools.	['She ', 'could ', 'not ', 'bear ', 'to ', 'lose ', 'the ', 'land ', 'she ', 'had ', 'got ', 'by ', 'a ', 'swindle', '; ', 'and ', 'then ', 'she ', 'could ', 'not ', 'bear ', 'the ', 'loss ', 'of ', 'her ', 'lover', '. ', 'So ', 'she ', 'fell ', 'between ', 'two ', 'stools', '.']	['O', 'O', 'O', 'O', 'O', 'O', 'O', 'O', 'O', 'O', 'O', 'O', 'O', 'O', 'O', 'O', 'O', 'O', 'O', 'O', 'O', 'O', 'O', 'O', 'O', 'O', 'O', 'O', 'O', 'B-IDIOM', 'I-IDIOM', 'I-IDIOM', 'I-IDIOM', 'O']	[0, 0, 0, 0, 0, 0, 0, 0, 0, 0, 0, 0, 0, 0, 0, 0, 0, 0, 0, 0, 0, 0, 0, 0, 0, 0, 0, 0, 0, 1, 2, 2, 2, 0]	['fell between two stools']	english	['fell between two stools']	[1.0]	False	['O', 'O', 'O', 'O', 'O', 'O', 'O', 'O', 'O', 'O', 'O', 'O', 'O', 'O', 'O', 'O', 'O', 'O', 'O', 'O', 'O', 'O', 'O', 'O', 'O', 'O', 'O', 'O', 'O', 'B-IDIOM', 'I-IDIOM', 'I-IDIOM', 'I-IDIOM', 'O']
He was still a babe in arms when his father died overseas.	['He ', 'was ', 'still ', 'a ', 'babe ', 'in ', 'arms ', 'when ', 'his ', 'father ', 'died ', 'overseas', '.']	['O', 'O', 'O', 'O', 'B-IDIOM', 'I-IDIOM', 'I-IDIOM', 'O', 'O', 'O', 'O', 'O', 'O']	[0, 0, 0, 0, 1, 2, 2, 0, 0, 0, 0, 0, 0]	['babe in arms']	english	['a babe in arms']	[0.6]	False	['O', 'O', 'O', 'B-IDIOM', 'I-IDIOM', 'I-IDIOM', 'I-IDIOM', 'O', 'O', 'O', 'O', 'O', 'O']
Fred is having a rough trot.	['Fred ', 'is ', 'having ', 'a ', 'rough ', 'trot', '.']	['O', 'O', 'O', 'O', 'B-IDIOM', 'I-IDIOM', 'O']	[0, 0, 0, 0, 1, 2, 0]	['rough trot']	english	['rough trot']	[1.0]	False	['O', 'O', 'O', 'O', 'B-IDIOM', 'I-IDIOM', 'O']
He's all out the best preacher I've ever heard.	"['He', ""'s "", 'all ', 'out ', 'the ', 'best ', 'preacher ', 'I', ""'ve "", 'ever ', 'heard', '.']"	['O', 'O', 'B-IDIOM', 'I-IDIOM', 'O', 'O', 'O', 'O', 'O', 'O', 'O', 'O']	[0, 0, 1, 2, 0, 0, 0, 0, 0, 0, 0, 0]	['all out']	english	['all out']	[0.8]	False	['O', 'O', 'B-IDIOM', 'I-IDIOM', 'O', 'O', 'O', 'O', 'O', 'O', 'O', 'O']
I want to make sure we're all on the same page with the game plan for the Acme account.	"['I ', 'want ', 'to ', 'make ', 'sure ', 'we', ""'re "", 'all ', 'on ', 'the ', 'same ', 'page ', 'with ', 'the ', 'game ', 'plan ', 'for ', 'the ', 'Acme ', 'account', '.']"	['O', 'O', 'O', 'O', 'O', 'O', 'O', 'O', 'B-IDIOM', 'I-IDIOM', 'I-IDIOM', 'I-IDIOM', 'O', 'O', 'O', 'O', 'O', 'O', 'O', 'O', 'O']	[0, 0, 0, 0, 0, 0, 0, 0, 1, 2, 2, 2, 0, 0, 0, 0, 0, 0, 0, 0, 0]	['on the same page']	english	['on the same page']	[1.0]	False	['O', 'O', 'O', 'O', 'O', 'O', 'O', 'O', 'B-IDIOM', 'I-IDIOM', 'I-IDIOM', 'I-IDIOM', 'O', 'O', 'O', 'O', 'O', 'O', 'O', 'O', 'O']
That new car was really the cat's pyjamas.	"['That ', 'new ', 'car ', 'was ', 'really ', 'the ', 'cat', ""'s "", 'pyjamas', '.']"	['O', 'O', 'O', 'O', 'O', 'O', 'B-IDIOM', 'I-IDIOM', 'I-IDIOM', 'O']	[0, 0, 0, 0, 0, 0, 1, 2, 2, 0]	"[""cat 's pyjamas""]"	english	"[""the cat's pyjamas""]"	[1.0]	False	['O', 'O', 'O', 'O', 'O', 'B-IDIOM', 'I-IDIOM', 'I-IDIOM', 'I-IDIOM', 'O']
Doing volunteer work to help others is truly worth one's while.	"['Doing ', 'volunteer ', 'work ', 'to ', 'help ', 'others ', 'is ', 'truly ', 'worth ', 'one', ""'s "", 'while', '.']"	['O', 'O', 'O', 'O', 'O', 'O', 'O', 'O', 'B-IDIOM', 'I-IDIOM', 'I-IDIOM', 'I-IDIOM', 'O']	[0, 0, 0, 0, 0, 0, 0, 0, 1, 2, 2, 2, 0]	"[""worth one 's while""]"	english	"[""worth one's while""]"	[1.0]	False	['O', 'O', 'O', 'O', 'O', 'O', 'O', 'O', 'B-IDIOM', 'I-IDIOM', 'I-IDIOM', 'I-IDIOM', 'O']
The garage was filled with a random assortment of odds and ends.	['The ', 'garage ', 'was ', 'filled ', 'with ', 'a ', 'random ', 'assortment ', 'of ', 'odds ', 'and ', 'ends', '.']	['O', 'O', 'O', 'O', 'O', 'O', 'O', 'O', 'O', 'B-IDIOM', 'I-IDIOM', 'I-IDIOM', 'O']	[0, 0, 0, 0, 0, 0, 0, 0, 0, 1, 2, 2, 0]	['odds and ends']	english	['odds and ends']	[1.0]	False	['O', 'O', 'O', 'O', 'O', 'O', 'O', 'O', 'O', 'B-IDIOM', 'I-IDIOM', 'I-IDIOM', 'O']
Public opinion has undergone a sea change since the 2002 elections.	['Public ', 'opinion ', 'has ', 'undergone ', 'a ', 'sea ', 'change ', 'since ', 'the ', '2002 ', 'elections', '.']	['O', 'O', 'O', 'O', 'O', 'B-IDIOM', 'I-IDIOM', 'O', 'O', 'O', 'O', 'O']	[0, 0, 0, 0, 0, 1, 2, 0, 0, 0, 0, 0]	['sea change']	english	['sea change']	[1.0]	False	['O', 'O', 'O', 'O', 'O', 'B-IDIOM', 'I-IDIOM', 'O', 'O', 'O', 'O', 'O']
He said he bought it at the markets but I think it fell off a truck.	['He ', 'said ', 'he ', 'bought ', 'it ', 'at ', 'the ', 'markets ', 'but ', 'I ', 'think ', 'it ', 'fell ', 'off ', 'a ', 'truck', '.']	['O', 'O', 'O', 'O', 'O', 'O', 'O', 'O', 'O', 'O', 'O', 'O', 'B-IDIOM', 'I-IDIOM', 'I-IDIOM', 'I-IDIOM', 'O']	[0, 0, 0, 0, 0, 0, 0, 0, 0, 0, 0, 0, 1, 2, 2, 2, 0]	['fell off a truck']	english	['fell off a truck']	[1.0]	False	['O', 'O', 'O', 'O', 'O', 'O', 'O', 'O', 'O', 'O', 'O', 'O', 'B-IDIOM', 'I-IDIOM', 'I-IDIOM', 'I-IDIOM', 'O']
This insurance company is an expert at cutting red tape to process your claim faster.	['This ', 'insurance ', 'company ', 'is ', 'an ', 'expert ', 'at ', 'cutting ', 'red ', 'tape ', 'to ', 'process ', 'your ', 'claim ', 'faster', '.']	['O', 'O', 'O', 'O', 'O', 'O', 'O', 'B-IDIOM', 'I-IDIOM', 'I-IDIOM', 'O', 'O', 'O', 'O', 'O', 'O']	[0, 0, 0, 0, 0, 0, 0, 1, 2, 2, 0, 0, 0, 0, 0, 0]	['cutting red tape']	english	['cutting red tape']	[1.0]	False	['O', 'O', 'O', 'O', 'O', 'O', 'O', 'B-IDIOM', 'I-IDIOM', 'I-IDIOM', 'O', 'O', 'O', 'O', 'O', 'O']
One of the kids on the school bus broke wind.	['One ', 'of ', 'the ', 'kids ', 'on ', 'the ', 'school ', 'bus ', 'broke ', 'wind', '.']	['O', 'O', 'O', 'O', 'O', 'O', 'O', 'O', 'B-IDIOM', 'I-IDIOM', 'O']	[0, 0, 0, 0, 0, 0, 0, 0, 1, 2, 0]	['broke wind']	english	['broke wind']	[0.8]	False	['O', 'O', 'O', 'O', 'O', 'O', 'O', 'O', 'B-IDIOM', 'I-IDIOM', 'O']
He must apologise, he saw that clearly enough, must eat crow, as he told himself.	['He ', 'must ', 'apologise', ', ', 'he ', 'saw ', 'that ', 'clearly ', 'enough', ', ', 'must ', 'eat ', 'crow', ', ', 'as ', 'he ', 'told ', 'himself', '.']	['O', 'O', 'O', 'O', 'O', 'O', 'O', 'O', 'O', 'O', 'O', 'B-IDIOM', 'I-IDIOM', 'O', 'O', 'O', 'O', 'O', 'O']	[0, 0, 0, 0, 0, 0, 0, 0, 0, 0, 0, 1, 2, 0, 0, 0, 0, 0, 0]	['eat crow']	english	['eat crow']	[1.0]	False	['O', 'O', 'O', 'O', 'O', 'O', 'O', 'O', 'O', 'O', 'O', 'B-IDIOM', 'I-IDIOM', 'O', 'O', 'O', 'O', 'O', 'O']
It's even money that it will rain today.	"['It', ""'s "", 'even ', 'money ', 'that ', 'it ', 'will ', 'rain ', 'today', '.']"	['O', 'O', 'B-IDIOM', 'I-IDIOM', 'O', 'O', 'O', 'O', 'O', 'O']	[0, 0, 1, 2, 0, 0, 0, 0, 0, 0]	['even money']	english	['even money']	[1.0]	False	['O', 'O', 'B-IDIOM', 'I-IDIOM', 'O', 'O', 'O', 'O', 'O', 'O']
George embarrassed his aunt by answering the door in his birthday suit.	['George ', 'embarrassed ', 'his ', 'aunt ', 'by ', 'answering ', 'the ', 'door ', 'in ', 'his ', 'birthday ', 'suit', '.']	['O', 'O', 'O', 'O', 'O', 'O', 'O', 'O', 'O', 'O', 'B-IDIOM', 'I-IDIOM', 'O']	[0, 0, 0, 0, 0, 0, 0, 0, 0, 0, 1, 2, 0]	['birthday suit']	english	['birthday suit']	[1.0]	False	['O', 'O', 'O', 'O', 'O', 'O', 'O', 'O', 'O', 'O', 'B-IDIOM', 'I-IDIOM', 'O']
See if you can make head or tail of the last section in this chapter. I'm baffled.	"['See ', 'if ', 'you ', 'can ', 'make ', 'head ', 'or ', 'tail ', 'of ', 'the ', 'last ', 'section ', 'in ', 'this ', 'chapter', '. ', 'I', ""'m "", 'baffled', '.']"	['O', 'O', 'O', 'O', 'B-IDIOM', 'I-IDIOM', 'I-IDIOM', 'I-IDIOM', 'I-IDIOM', 'O', 'O', 'O', 'O', 'O', 'O', 'O', 'O', 'O', 'O', 'O']	[0, 0, 0, 0, 1, 2, 2, 2, 2, 0, 0, 0, 0, 0, 0, 0, 0, 0, 0, 0]	['make head or tail of']	english	['make head or tail']	[0.8]	False	['O', 'O', 'O', 'O', 'B-IDIOM', 'I-IDIOM', 'I-IDIOM', 'I-IDIOM', 'O', 'O', 'O', 'O', 'O', 'O', 'O', 'O', 'O', 'O', 'O', 'O']
Is that new teammate properly on board yet?	['Is ', 'that ', 'new ', 'teammate ', 'properly ', 'on ', 'board ', 'yet', '?']	['O', 'O', 'O', 'O', 'O', 'B-IDIOM', 'I-IDIOM', 'O', 'O']	[0, 0, 0, 0, 0, 1, 2, 0, 0]	['on board']	english	['on board']	[1.0]	False	['O', 'O', 'O', 'O', 'O', 'B-IDIOM', 'I-IDIOM', 'O', 'O']
It’s a good idea, but let’s see if we can get a few more of the management team on board.	['It', '’s ', 'a ', 'good ', 'idea', ', ', 'but ', 'let', '’s ', 'see ', 'if ', 'we ', 'can ', 'get ', 'a ', 'few ', 'more ', 'of ', 'the ', 'management ', 'team ', 'on ', 'board', '.']	['O', 'O', 'O', 'O', 'O', 'O', 'O', 'O', 'O', 'O', 'O', 'O', 'O', 'O', 'O', 'O', 'O', 'O', 'O', 'O', 'O', 'B-IDIOM', 'I-IDIOM', 'O']	[0, 0, 0, 0, 0, 0, 0, 0, 0, 0, 0, 0, 0, 0, 0, 0, 0, 0, 0, 0, 0, 1, 2, 0]	['on board']	english	['on board']	[1.0]	False	['O', 'O', 'O', 'O', 'O', 'O', 'O', 'O', 'O', 'O', 'O', 'O', 'O', 'O', 'O', 'O', 'O', 'O', 'O', 'O', 'O', 'B-IDIOM', 'I-IDIOM', 'O']
We have known wives to forget that they had husbands…, especially when they supposed that a tax bill or a notification to do military duty might be in the offing!	['We ', 'have ', 'known ', 'wives ', 'to ', 'forget ', 'that ', 'they ', 'had ', 'husbands', '…', ', ', 'especially ', 'when ', 'they ', 'supposed ', 'that ', 'a ', 'tax ', 'bill ', 'or ', 'a ', 'notification ', 'to ', 'do ', 'military ', 'duty ', 'might ', 'be ', 'in ', 'the ', 'offing', '!']	['O', 'O', 'O', 'O', 'O', 'O', 'O', 'O', 'O', 'O', 'O', 'O', 'O', 'O', 'O', 'O', 'O', 'O', 'O', 'O', 'O', 'O', 'O', 'O', 'O', 'O', 'O', 'O', 'O', 'B-IDIOM', 'I-IDIOM', 'I-IDIOM', 'O']	[0, 0, 0, 0, 0, 0, 0, 0, 0, 0, 0, 0, 0, 0, 0, 0, 0, 0, 0, 0, 0, 0, 0, 0, 0, 0, 0, 0, 0, 1, 2, 2, 0]	['in the offing']	english	['in the offing']	[1.0]	False	['O', 'O', 'O', 'O', 'O', 'O', 'O', 'O', 'O', 'O', 'O', 'O', 'O', 'O', 'O', 'O', 'O', 'O', 'O', 'O', 'O', 'O', 'O', 'O', 'O', 'O', 'O', 'O', 'O', 'B-IDIOM', 'I-IDIOM', 'I-IDIOM', 'O']
Smith is good at detail, but can't see the forest for the trees.	"['Smith ', 'is ', 'good ', 'at ', 'detail', ', ', 'but ', 'ca', ""n't "", 'see ', 'the ', 'forest ', 'for ', 'the ', 'trees', '.']"	['O', 'O', 'O', 'O', 'O', 'O', 'O', 'O', 'O', 'B-IDIOM', 'I-IDIOM', 'I-IDIOM', 'I-IDIOM', 'I-IDIOM', 'I-IDIOM', 'O']	[0, 0, 0, 0, 0, 0, 0, 0, 0, 1, 2, 2, 2, 2, 2, 0]	['see the forest for the trees']	english	['see the forest for the trees']	[0.8]	False	['O', 'O', 'O', 'O', 'O', 'O', 'O', 'O', 'O', 'B-IDIOM', 'I-IDIOM', 'I-IDIOM', 'I-IDIOM', 'I-IDIOM', 'I-IDIOM', 'O']
If Tony Blair is such an utterly busted flush of a leader, why are so many Tories and their outriders so keen to have this Prime Minister gone before he can fight another election?	['If ', 'Tony ', 'Blair ', 'is ', 'such ', 'an ', 'utterly ', 'busted ', 'flush ', 'of ', 'a ', 'leader', ', ', 'why ', 'are ', 'so ', 'many ', 'Tories ', 'and ', 'their ', 'outriders ', 'so ', 'keen ', 'to ', 'have ', 'this ', 'Prime ', 'Minister ', 'gone ', 'before ', 'he ', 'can ', 'fight ', 'another ', 'election', '?']	['O', 'O', 'O', 'O', 'O', 'O', 'O', 'B-IDIOM', 'I-IDIOM', 'O', 'O', 'O', 'O', 'O', 'O', 'O', 'O', 'O', 'O', 'O', 'O', 'O', 'O', 'O', 'O', 'O', 'O', 'O', 'O', 'O', 'O', 'O', 'O', 'O', 'O', 'O']	[0, 0, 0, 0, 0, 0, 0, 1, 2, 0, 0, 0, 0, 0, 0, 0, 0, 0, 0, 0, 0, 0, 0, 0, 0, 0, 0, 0, 0, 0, 0, 0, 0, 0, 0, 0]	['busted flush']	english	['busted flush']	[1.0]	False	['O', 'O', 'O', 'O', 'O', 'O', 'O', 'B-IDIOM', 'I-IDIOM', 'O', 'O', 'O', 'O', 'O', 'O', 'O', 'O', 'O', 'O', 'O', 'O', 'O', 'O', 'O', 'O', 'O', 'O', 'O', 'O', 'O', 'O', 'O', 'O', 'O', 'O', 'O']
In one of the rare cinematic depictions of an older woman as sexually attractive and active, Moreau also contributes to the end of Syl′s innocence by seducing him in the summer house. No mutton dressed as lamb could have done better!	['In ', 'one ', 'of ', 'the ', 'rare ', 'cinematic ', 'depictions ', 'of ', 'an ', 'older ', 'woman ', 'as ', 'sexually ', 'attractive ', 'and ', 'active', ', ', 'Moreau ', 'also ', 'contributes ', 'to ', 'the ', 'end ', 'of ', 'Syl′s ', 'innocence ', 'by ', 'seducing ', 'him ', 'in ', 'the ', 'summer ', 'house', '. ', 'No ', 'mutton ', 'dressed ', 'as ', 'lamb ', 'could ', 'have ', 'done ', 'better', '!']	['O', 'O', 'O', 'O', 'O', 'O', 'O', 'O', 'O', 'O', 'O', 'O', 'O', 'O', 'O', 'O', 'O', 'O', 'O', 'O', 'O', 'O', 'O', 'O', 'O', 'O', 'O', 'O', 'O', 'O', 'O', 'O', 'O', 'O', 'O', 'B-IDIOM', 'I-IDIOM', 'I-IDIOM', 'I-IDIOM', 'O', 'O', 'O', 'O', 'O']	[0, 0, 0, 0, 0, 0, 0, 0, 0, 0, 0, 0, 0, 0, 0, 0, 0, 0, 0, 0, 0, 0, 0, 0, 0, 0, 0, 0, 0, 0, 0, 0, 0, 0, 0, 1, 2, 2, 2, 0, 0, 0, 0, 0]	['mutton dressed as lamb']	english	['mutton dressed as lamb']	[1.0]	False	['O', 'O', 'O', 'O', 'O', 'O', 'O', 'O', 'O', 'O', 'O', 'O', 'O', 'O', 'O', 'O', 'O', 'O', 'O', 'O', 'O', 'O', 'O', 'O', 'O', 'O', 'O', 'O', 'O', 'O', 'O', 'O', 'O', 'O', 'O', 'B-IDIOM', 'I-IDIOM', 'I-IDIOM', 'I-IDIOM', 'O', 'O', 'O', 'O', 'O']
Luckily, the members of the committee were on the same wavelength, so we didn't have endless discussions about what words meant.	"['Luckily', ', ', 'the ', 'members ', 'of ', 'the ', 'committee ', 'were ', 'on ', 'the ', 'same ', 'wavelength', ', ', 'so ', 'we ', 'did', ""n't "", 'have ', 'endless ', 'discussions ', 'about ', 'what ', 'words ', 'meant', '.']"	['O', 'O', 'O', 'O', 'O', 'O', 'O', 'O', 'B-IDIOM', 'I-IDIOM', 'I-IDIOM', 'I-IDIOM', 'O', 'O', 'O', 'O', 'O', 'O', 'O', 'O', 'O', 'O', 'O', 'O', 'O']	[0, 0, 0, 0, 0, 0, 0, 0, 1, 2, 2, 2, 0, 0, 0, 0, 0, 0, 0, 0, 0, 0, 0, 0, 0]	['on the same wavelength']	english	['on the same wavelength']	[1.0]	False	['O', 'O', 'O', 'O', 'O', 'O', 'O', 'O', 'B-IDIOM', 'I-IDIOM', 'I-IDIOM', 'I-IDIOM', 'O', 'O', 'O', 'O', 'O', 'O', 'O', 'O', 'O', 'O', 'O', 'O', 'O']
What's the matter with Fred? Oh, he's just having a bad hair day.	"['What', ""'s "", 'the ', 'matter ', 'with ', 'Fred', '? ', 'Oh', ', ', 'he', ""'s "", 'just ', 'having ', 'a ', 'bad ', 'hair ', 'day', '.']"	['O', 'O', 'O', 'O', 'O', 'O', 'O', 'O', 'O', 'O', 'O', 'O', 'O', 'O', 'B-IDIOM', 'I-IDIOM', 'I-IDIOM', 'O']	[0, 0, 0, 0, 0, 0, 0, 0, 0, 0, 0, 0, 0, 0, 1, 2, 2, 0]	['bad hair day']	english	['bad hair day']	[0.6]	False	['O', 'O', 'O', 'O', 'O', 'O', 'O', 'O', 'O', 'O', 'O', 'O', 'O', 'O', 'B-IDIOM', 'I-IDIOM', 'I-IDIOM', 'O']
People with your skills are ten a penny these days.	['People ', 'with ', 'your ', 'skills ', 'are ', 'ten ', 'a ', 'penny ', 'these ', 'days', '.']	['O', 'O', 'O', 'O', 'O', 'B-IDIOM', 'I-IDIOM', 'I-IDIOM', 'O', 'O', 'O']	[0, 0, 0, 0, 0, 1, 2, 2, 0, 0, 0]	['ten a penny']	english	['ten a penny']	[1.0]	False	['O', 'O', 'O', 'O', 'O', 'B-IDIOM', 'I-IDIOM', 'I-IDIOM', 'O', 'O', 'O']
People with your skills are a dime a dozen these days.	['People ', 'with ', 'your ', 'skills ', 'are ', 'a ', 'dime ', 'a ', 'dozen ', 'these ', 'days', '.']	['O', 'O', 'O', 'O', 'O', 'B-IDIOM', 'I-IDIOM', 'I-IDIOM', 'I-IDIOM', 'O', 'O', 'O']	[0, 0, 0, 0, 0, 1, 2, 2, 2, 0, 0, 0]	['a dime a dozen']	english	['a dime a dozen']	[1.0]	False	['O', 'O', 'O', 'O', 'O', 'B-IDIOM', 'I-IDIOM', 'I-IDIOM', 'I-IDIOM', 'O', 'O', 'O']
Ouch, I just hit my funny bone.	['Ouch', ', ', 'I ', 'just ', 'hit ', 'my ', 'funny ', 'bone', '.']	['O', 'O', 'O', 'O', 'O', 'O', 'O', 'O', 'O']	[0, 0, 0, 0, 0, 0, 0, 0, 0]	['funny bone']	english	['funny bone']	[1.0]	False	['O', 'O', 'O', 'O', 'O', 'O', 'B-IDIOM', 'I-IDIOM', 'O']
His wisecracks always tickle my funny bone.	['His ', 'wisecracks ', 'always ', 'tickle ', 'my ', 'funny ', 'bone', '.']	['O', 'O', 'O', 'O', 'O', 'B-IDIOM', 'I-IDIOM', 'O']	[0, 0, 0, 0, 0, 1, 2, 0]	['funny bone']	english	['tickle my funny bone']	[1.0]	False	['O', 'O', 'O', 'B-IDIOM', 'I-IDIOM', 'I-IDIOM', 'I-IDIOM', 'O']
There, on the ramparts of the forts, stood Nicholas Koorn, armed to the teeth, flourishing a brass-hilted sword.	['There', ', ', 'on ', 'the ', 'ramparts ', 'of ', 'the ', 'forts', ', ', 'stood ', 'Nicholas ', 'Koorn', ', ', 'armed ', 'to ', 'the ', 'teeth', ', ', 'flourishing ', 'a ', 'brass', '-', 'hilted ', 'sword', '.']	['O', 'O', 'O', 'O', 'O', 'O', 'O', 'O', 'O', 'O', 'O', 'O', 'O', 'O', 'O', 'O', 'O', 'O', 'O', 'O', 'O', 'O', 'O', 'O', 'O']	[0, 0, 0, 0, 0, 0, 0, 0, 0, 0, 0, 0, 0, 0, 0, 0, 0, 0, 0, 0, 0, 0, 0, 0, 0]	['armed to the teeth']	english	['armed to the teeth']	[1.0]	False	['O', 'O', 'O', 'O', 'O', 'O', 'O', 'O', 'O', 'O', 'O', 'O', 'O', 'B-IDIOM', 'I-IDIOM', 'I-IDIOM', 'I-IDIOM', 'O', 'O', 'O', 'O', 'O', 'O', 'O', 'O']
The battery lasts a day in my phone, but your mileage may vary.	['The ', 'battery ', 'lasts ', 'a ', 'day ', 'in ', 'my ', 'phone', ', ', 'but ', 'your ', 'mileage ', 'may ', 'vary', '.']	['O', 'O', 'O', 'O', 'O', 'O', 'O', 'O', 'O', 'O', 'B-IDIOM', 'I-IDIOM', 'I-IDIOM', 'I-IDIOM', 'O']	[0, 0, 0, 0, 0, 0, 0, 0, 0, 0, 1, 2, 2, 2, 0]	['your mileage may vary']	english	['your mileage may vary']	[1.0]	False	['O', 'O', 'O', 'O', 'O', 'O', 'O', 'O', 'O', 'O', 'B-IDIOM', 'I-IDIOM', 'I-IDIOM', 'I-IDIOM', 'O']
I think that red dress looks really good on you, but your mileage may vary, of course.	['I ', 'think ', 'that ', 'red ', 'dress ', 'looks ', 'really ', 'good ', 'on ', 'you', ', ', 'but ', 'your ', 'mileage ', 'may ', 'vary', ', ', 'of ', 'course', '.']	['O', 'O', 'O', 'O', 'O', 'O', 'O', 'O', 'O', 'O', 'O', 'O', 'B-IDIOM', 'I-IDIOM', 'I-IDIOM', 'I-IDIOM', 'O', 'O', 'O', 'O']	[0, 0, 0, 0, 0, 0, 0, 0, 0, 0, 0, 0, 1, 2, 2, 2, 0, 0, 0, 0]	['your mileage may vary']	english	['your mileage may vary']	[1.0]	False	['O', 'O', 'O', 'O', 'O', 'O', 'O', 'O', 'O', 'O', 'O', 'O', 'B-IDIOM', 'I-IDIOM', 'I-IDIOM', 'I-IDIOM', 'O', 'O', 'O', 'O']
Just stop beating around the bush and tell me what the problem is!	['Just ', 'stop ', 'beating ', 'around ', 'the ', 'bush ', 'and ', 'tell ', 'me ', 'what ', 'the ', 'problem ', 'is', '!']	['O', 'O', 'B-IDIOM', 'I-IDIOM', 'I-IDIOM', 'I-IDIOM', 'O', 'O', 'O', 'O', 'O', 'O', 'O', 'O']	[0, 0, 1, 2, 2, 2, 0, 0, 0, 0, 0, 0, 0, 0]	['beating around the bush']	english	['beating around the bush']	[1.0]	False	['O', 'O', 'B-IDIOM', 'I-IDIOM', 'I-IDIOM', 'I-IDIOM', 'O', 'O', 'O', 'O', 'O', 'O', 'O', 'O']
I'm telling you, if you sign that paper, you're playing with fire.	"['I', ""'m "", 'telling ', 'you', ', ', 'if ', 'you ', 'sign ', 'that ', 'paper', ', ', 'you', ""'re "", 'playing ', 'with ', 'fire', '.']"	['O', 'O', 'O', 'O', 'O', 'O', 'O', 'O', 'O', 'O', 'O', 'O', 'O', 'B-IDIOM', 'I-IDIOM', 'I-IDIOM', 'O']	[0, 0, 0, 0, 0, 0, 0, 0, 0, 0, 0, 0, 0, 1, 2, 2, 0]	['playing with fire']	english	['playing with fire']	[1.0]	False	['O', 'O', 'O', 'O', 'O', 'O', 'O', 'O', 'O', 'O', 'O', 'O', 'O', 'B-IDIOM', 'I-IDIOM', 'I-IDIOM', 'O']
Finally we gave him the silent treatment, and for weeks before he died we neither spoke to him nor did he speak to us.	['Finally ', 'we ', 'gave ', 'him ', 'the ', 'silent ', 'treatment', ', ', 'and ', 'for ', 'weeks ', 'before ', 'he ', 'died ', 'we ', 'neither ', 'spoke ', 'to ', 'him ', 'nor ', 'did ', 'he ', 'speak ', 'to ', 'us', '.']	['O', 'O', 'O', 'O', 'O', 'B-IDIOM', 'I-IDIOM', 'O', 'O', 'O', 'O', 'O', 'O', 'O', 'O', 'O', 'O', 'O', 'O', 'O', 'O', 'O', 'O', 'O', 'O', 'O']	[0, 0, 0, 0, 0, 1, 2, 0, 0, 0, 0, 0, 0, 0, 0, 0, 0, 0, 0, 0, 0, 0, 0, 0, 0, 0]	['silent treatment']	english	['silent treatment']	[1.0]	False	['O', 'O', 'O', 'O', 'O', 'B-IDIOM', 'I-IDIOM', 'O', 'O', 'O', 'O', 'O', 'O', 'O', 'O', 'O', 'O', 'O', 'O', 'O', 'O', 'O', 'O', 'O', 'O', 'O']
"Jay Branegan says each side will be preaching to the choir. ""Democrats will make the argument that's been successful with their base . . . [that] Republicans are merely helping the rich."""	"['Jay ', 'Branegan ', 'says ', 'each ', 'side ', 'will ', 'be ', 'preaching ', 'to ', 'the ', 'choir', '. ', '""', 'Democrats ', 'will ', 'make ', 'the ', 'argument ', 'that', ""'s "", 'been ', 'successful ', 'with ', 'their ', 'base ', '. ', '. ', '. ', '[', 'that', '] ', 'Republicans ', 'are ', 'merely ', 'helping ', 'the ', 'rich', '.', '""']"	['O', 'O', 'O', 'O', 'O', 'O', 'O', 'B-IDIOM', 'I-IDIOM', 'I-IDIOM', 'I-IDIOM', 'O', 'O', 'O', 'O', 'O', 'O', 'O', 'O', 'O', 'O', 'O', 'O', 'O', 'O', 'O', 'O', 'O', 'O', 'O', 'O', 'O', 'O', 'O', 'O', 'O', 'O', 'O', 'O']	[0, 0, 0, 0, 0, 0, 0, 1, 2, 2, 2, 0, 0, 0, 0, 0, 0, 0, 0, 0, 0, 0, 0, 0, 0, 0, 0, 0, 0, 0, 0, 0, 0, 0, 0, 0, 0, 0, 0]	['preaching to the choir']	english	['preaching to the choir']	[1.0]	False	['O', 'O', 'O', 'O', 'O', 'O', 'O', 'B-IDIOM', 'I-IDIOM', 'I-IDIOM', 'I-IDIOM', 'O', 'O', 'O', 'O', 'O', 'O', 'O', 'O', 'O', 'O', 'O', 'O', 'O', 'O', 'O', 'O', 'O', 'O', 'O', 'O', 'O', 'O', 'O', 'O', 'O', 'O', 'O', 'O']
His face rings a bell. I wonder if I know him from somewhere.	['His ', 'face ', 'rings ', 'a ', 'bell', '. ', 'I ', 'wonder ', 'if ', 'I ', 'know ', 'him ', 'from ', 'somewhere', '.']	['O', 'O', 'O', 'O', 'O', 'O', 'O', 'O', 'O', 'O', 'O', 'O', 'O', 'O', 'O']	[0, 0, 0, 0, 0, 0, 0, 0, 0, 0, 0, 0, 0, 0, 0]	['rings a bell']	english	['rings a bell']	[1.0]	False	['O', 'O', 'B-IDIOM', 'I-IDIOM', 'I-IDIOM', 'O', 'O', 'O', 'O', 'O', 'O', 'O', 'O', 'O', 'O']
You know, cos he was like taking the piss out of them and they took the piss out of him.	['You ', 'know', ', ', 'cos ', 'he ', 'was ', 'like ', 'taking ', 'the ', 'piss ', 'out ', 'of ', 'them ', 'and ', 'they ', 'took ', 'the ', 'piss ', 'out ', 'of ', 'him', '.']	['O', 'O', 'O', 'O', 'O', 'O', 'O', 'B-IDIOM', 'I-IDIOM', 'I-IDIOM', 'O', 'O', 'O', 'O', 'O', 'O', 'O', 'O', 'O', 'O', 'O', 'O']	[0, 0, 0, 0, 0, 0, 0, 1, 2, 2, 0, 0, 0, 0, 0, 0, 0, 0, 0, 0, 0, 0]	['taking the piss']	english	['taking the piss']	[1.0]	False	['O', 'O', 'O', 'O', 'O', 'O', 'O', 'B-IDIOM', 'I-IDIOM', 'I-IDIOM', 'O', 'O', 'O', 'O', 'O', 'O', 'O', 'O', 'O', 'O', 'O', 'O']
He's either taking it easy or taking the piss by arriving at the eleventh hour.	"['He', ""'s "", 'either ', 'taking ', 'it ', 'easy ', 'or ', 'taking ', 'the ', 'piss ', 'by ', 'arriving ', 'at ', 'the ', 'eleventh ', 'hour', '.']"	['O', 'O', 'O', 'O', 'O', 'O', 'O', 'B-IDIOM', 'I-IDIOM', 'I-IDIOM', 'O', 'O', 'O', 'O', 'O', 'O', 'O']	[0, 0, 0, 0, 0, 0, 0, 1, 2, 2, 0, 0, 0, 0, 0, 0, 0]	['taking the piss']	english	['taking the piss', 'taking it easy', 'eleventh hour']	[1.0, 0.8, 1.0]	False	['O', 'O', 'O', 'B-IDIOM', 'I-IDIOM', 'I-IDIOM', 'O', 'B-IDIOM', 'I-IDIOM', 'I-IDIOM', 'O', 'O', 'O', 'O', 'B-IDIOM', 'I-IDIOM', 'O']
If he doesn't win the next round, then his goose is cooked.	"['If ', 'he ', 'does', ""n't "", 'win ', 'the ', 'next ', 'round', ', ', 'then ', 'his ', 'goose ', 'is ', 'cooked', '.']"	['O', 'O', 'O', 'O', 'O', 'O', 'O', 'O', 'O', 'O', 'O', 'B-IDIOM', 'I-IDIOM', 'I-IDIOM', 'O']	[0, 0, 0, 0, 0, 0, 0, 0, 0, 0, 0, 1, 2, 2, 0]	['goose is cooked']	english	['goose is cooked']	[1.0]	False	['O', 'O', 'O', 'O', 'O', 'O', 'O', 'O', 'O', 'O', 'O', 'B-IDIOM', 'I-IDIOM', 'I-IDIOM', 'O']
At first it seemed a good idea, but now it's getting close I'm having second thoughts.	"['At ', 'first ', 'it ', 'seemed ', 'a ', 'good ', 'idea', ', ', 'but ', 'now ', 'it', ""'s "", 'getting ', 'close ', 'I', ""'m "", 'having ', 'second ', 'thoughts', '.']"	['O', 'O', 'O', 'O', 'O', 'O', 'O', 'O', 'O', 'O', 'O', 'O', 'O', 'O', 'O', 'O', 'B-IDIOM', 'I-IDIOM', 'I-IDIOM', 'O']	[0, 0, 0, 0, 0, 0, 0, 0, 0, 0, 0, 0, 0, 0, 0, 0, 1, 2, 2, 0]	['having second thoughts']	english	['having second thoughts']	[1.0]	False	['O', 'O', 'O', 'O', 'O', 'O', 'O', 'O', 'O', 'O', 'O', 'O', 'O', 'O', 'O', 'O', 'B-IDIOM', 'I-IDIOM', 'I-IDIOM', 'O']
I'm about ready to turn into a pumpkin. You can stay up later if you want.	"['I', ""'m "", 'about ', 'ready ', 'to ', 'turn ', 'into ', 'a ', 'pumpkin', '. ', 'You ', 'can ', 'stay ', 'up ', 'later ', 'if ', 'you ', 'want', '.']"	['O', 'O', 'O', 'O', 'O', 'B-IDIOM', 'I-IDIOM', 'I-IDIOM', 'I-IDIOM', 'O', 'O', 'O', 'O', 'O', 'O', 'O', 'O', 'O', 'O']	[0, 0, 0, 0, 0, 1, 2, 2, 2, 0, 0, 0, 0, 0, 0, 0, 0, 0, 0]	['turn into a pumpkin']	english	['turn into a pumpkin']	[1.0]	False	['O', 'O', 'O', 'O', 'O', 'B-IDIOM', 'I-IDIOM', 'I-IDIOM', 'I-IDIOM', 'O', 'O', 'O', 'O', 'O', 'O', 'O', 'O', 'O', 'O']
My daughter turns into a pumpkin at 10:00, so you need to have her home before then.	['My ', 'daughter ', 'turns ', 'into ', 'a ', 'pumpkin ', 'at ', '10:00', ', ', 'so ', 'you ', 'need ', 'to ', 'have ', 'her ', 'home ', 'before ', 'then', '.']	['O', 'O', 'B-IDIOM', 'I-IDIOM', 'I-IDIOM', 'I-IDIOM', 'O', 'O', 'O', 'O', 'O', 'O', 'O', 'O', 'O', 'O', 'O', 'O', 'O']	[0, 0, 1, 2, 2, 2, 0, 0, 0, 0, 0, 0, 0, 0, 0, 0, 0, 0, 0]	['turns into a pumpkin']	english	['turns into a pumpkin']	[1.0]	False	['O', 'O', 'B-IDIOM', 'I-IDIOM', 'I-IDIOM', 'I-IDIOM', 'O', 'O', 'O', 'O', 'O', 'O', 'O', 'O', 'O', 'O', 'O', 'O', 'O']
As you're so tired, why not try to catch forty winks before you leave?	"['As ', 'you', ""'re "", 'so ', 'tired', ', ', 'why ', 'not ', 'try ', 'to ', 'catch ', 'forty ', 'winks ', 'before ', 'you ', 'leave', '?']"	['O', 'O', 'O', 'O', 'O', 'O', 'O', 'O', 'O', 'O', 'O', 'B-IDIOM', 'I-IDIOM', 'O', 'O', 'O', 'O']	[0, 0, 0, 0, 0, 0, 0, 0, 0, 0, 0, 1, 2, 0, 0, 0, 0]	['forty winks']	english	['catch forty winks']	[1.0]	False	['O', 'O', 'O', 'O', 'O', 'O', 'O', 'O', 'O', 'O', 'B-IDIOM', 'I-IDIOM', 'I-IDIOM', 'O', 'O', 'O', 'O']
He hit the nail on the head when he said the problem was the thermostat.	['He ', 'hit ', 'the ', 'nail ', 'on ', 'the ', 'head ', 'when ', 'he ', 'said ', 'the ', 'problem ', 'was ', 'the ', 'thermostat', '.']	['O', 'B-IDIOM', 'I-IDIOM', 'I-IDIOM', 'I-IDIOM', 'I-IDIOM', 'I-IDIOM', 'O', 'O', 'O', 'O', 'O', 'O', 'O', 'O', 'O']	[0, 1, 2, 2, 2, 2, 2, 0, 0, 0, 0, 0, 0, 0, 0, 0]	['hit the nail on the head']	english	['hit the nail on the head']	[1.0]	False	['O', 'B-IDIOM', 'I-IDIOM', 'I-IDIOM', 'I-IDIOM', 'I-IDIOM', 'I-IDIOM', 'O', 'O', 'O', 'O', 'O', 'O', 'O', 'O', 'O']
We didn't tell our friends that we were dating, but I think they put two and two together.	"['We ', 'did', ""n't "", 'tell ', 'our ', 'friends ', 'that ', 'we ', 'were ', 'dating', ', ', 'but ', 'I ', 'think ', 'they ', 'put ', 'two ', 'and ', 'two ', 'together', '.']"	['O', 'O', 'O', 'O', 'O', 'O', 'O', 'O', 'O', 'O', 'O', 'O', 'O', 'O', 'O', 'B-IDIOM', 'I-IDIOM', 'I-IDIOM', 'I-IDIOM', 'I-IDIOM', 'O']	[0, 0, 0, 0, 0, 0, 0, 0, 0, 0, 0, 0, 0, 0, 0, 1, 2, 2, 2, 2, 0]	['put two and two together']	english	['put two and two together']	[1.0]	False	['O', 'O', 'O', 'O', 'O', 'O', 'O', 'O', 'O', 'O', 'O', 'O', 'O', 'O', 'O', 'B-IDIOM', 'I-IDIOM', 'I-IDIOM', 'I-IDIOM', 'I-IDIOM', 'O']
Right off the bat, I can see that you need to see a doctor.	['Right ', 'off ', 'the ', 'bat', ', ', 'I ', 'can ', 'see ', 'that ', 'you ', 'need ', 'to ', 'see ', 'a ', 'doctor', '.']	['O', 'B-IDIOM', 'I-IDIOM', 'I-IDIOM', 'O', 'O', 'O', 'O', 'O', 'O', 'O', 'O', 'O', 'O', 'O', 'O']	[0, 1, 2, 2, 0, 0, 0, 0, 0, 0, 0, 0, 0, 0, 0, 0]	['off the bat']	english	['right off the bat']	[1.0]	False	['B-IDIOM', 'I-IDIOM', 'I-IDIOM', 'I-IDIOM', 'O', 'O', 'O', 'O', 'O', 'O', 'O', 'O', 'O', 'O', 'O', 'O']
The patient is feeling a little better, but she's not out of the woods yet.	"['The ', 'patient ', 'is ', 'feeling ', 'a ', 'little ', 'better', ', ', 'but ', 'she', ""'s "", 'not ', 'out ', 'of ', 'the ', 'woods ', 'yet', '.']"	['O', 'O', 'O', 'O', 'O', 'O', 'O', 'O', 'O', 'O', 'O', 'O', 'B-IDIOM', 'I-IDIOM', 'I-IDIOM', 'I-IDIOM', 'O', 'O']	[0, 0, 0, 0, 0, 0, 0, 0, 0, 0, 0, 0, 1, 2, 2, 2, 0, 0]	['out of the woods']	english	['out of the woods']	[1.0]	False	['O', 'O', 'O', 'O', 'O', 'O', 'O', 'O', 'O', 'O', 'O', 'O', 'B-IDIOM', 'I-IDIOM', 'I-IDIOM', 'I-IDIOM', 'O', 'O']
The very date which put them beyond the pale as belligerents was that which they seem to have chosen in order to prove what active and valiant soldiers they still remained.	['The ', 'very ', 'date ', 'which ', 'put ', 'them ', 'beyond ', 'the ', 'pale ', 'as ', 'belligerents ', 'was ', 'that ', 'which ', 'they ', 'seem ', 'to ', 'have ', 'chosen ', 'in ', 'order ', 'to ', 'prove ', 'what ', 'active ', 'and ', 'valiant ', 'soldiers ', 'they ', 'still ', 'remained', '.']	['O', 'O', 'O', 'O', 'O', 'O', 'B-IDIOM', 'I-IDIOM', 'I-IDIOM', 'O', 'O', 'O', 'O', 'O', 'O', 'O', 'O', 'O', 'O', 'O', 'O', 'O', 'O', 'O', 'O', 'O', 'O', 'O', 'O', 'O', 'O', 'O']	[0, 0, 0, 0, 0, 0, 1, 2, 2, 0, 0, 0, 0, 0, 0, 0, 0, 0, 0, 0, 0, 0, 0, 0, 0, 0, 0, 0, 0, 0, 0, 0]	['beyond the pale']	english	['beyond the pale']	[1.0]	False	['O', 'O', 'O', 'O', 'O', 'O', 'B-IDIOM', 'I-IDIOM', 'I-IDIOM', 'O', 'O', 'O', 'O', 'O', 'O', 'O', 'O', 'O', 'O', 'O', 'O', 'O', 'O', 'O', 'O', 'O', 'O', 'O', 'O', 'O', 'O', 'O']
I was a burglary detective for three years before I joined the Speaker's Bureau, and you might say I managed to acquire a few things at a five-finger discount, if you catch my drift.	"['I ', 'was ', 'a ', 'burglary ', 'detective ', 'for ', 'three ', 'years ', 'before ', 'I ', 'joined ', 'the ', 'Speaker', ""'s "", 'Bureau', ', ', 'and ', 'you ', 'might ', 'say ', 'I ', 'managed ', 'to ', 'acquire ', 'a ', 'few ', 'things ', 'at ', 'a ', 'five', '-', 'finger ', 'discount', ', ', 'if ', 'you ', 'catch ', 'my ', 'drift', '.']"	['O', 'O', 'O', 'O', 'O', 'O', 'O', 'O', 'O', 'O', 'O', 'O', 'O', 'O', 'O', 'O', 'O', 'O', 'O', 'O', 'O', 'O', 'O', 'O', 'O', 'O', 'O', 'O', 'O', 'B-IDIOM', 'I-IDIOM', 'I-IDIOM', 'I-IDIOM', 'O', 'O', 'O', 'O', 'O', 'O', 'O']	[0, 0, 0, 0, 0, 0, 0, 0, 0, 0, 0, 0, 0, 0, 0, 0, 0, 0, 0, 0, 0, 0, 0, 0, 0, 0, 0, 0, 0, 1, 2, 2, 2, 0, 0, 0, 0, 0, 0, 0]	['five - finger discount']	english	['five-finger discount']	[1.0]	False	['O', 'O', 'O', 'O', 'O', 'O', 'O', 'O', 'O', 'O', 'O', 'O', 'O', 'O', 'O', 'O', 'O', 'O', 'O', 'O', 'O', 'O', 'O', 'O', 'O', 'O', 'O', 'O', 'O', 'B-IDIOM', 'I-IDIOM', 'I-IDIOM', 'I-IDIOM', 'O', 'O', 'O', 'O', 'O', 'O', 'O']
Winemakers are over the moon to be able to showcase the individual nuances within their vineyards.	['Winemakers ', 'are ', 'over ', 'the ', 'moon ', 'to ', 'be ', 'able ', 'to ', 'showcase ', 'the ', 'individual ', 'nuances ', 'within ', 'their ', 'vineyards', '.']	['O', 'O', 'B-IDIOM', 'I-IDIOM', 'I-IDIOM', 'O', 'O', 'O', 'O', 'O', 'O', 'O', 'O', 'O', 'O', 'O', 'O']	[0, 0, 1, 2, 2, 0, 0, 0, 0, 0, 0, 0, 0, 0, 0, 0, 0]	['over the moon']	english	['over the moon']	[1.0]	False	['O', 'O', 'B-IDIOM', 'I-IDIOM', 'I-IDIOM', 'O', 'O', 'O', 'O', 'O', 'O', 'O', 'O', 'O', 'O', 'O', 'O']
The author's novels from her salad years lacked the sophistication and depth of her later works.	"['The ', 'author', ""'s "", 'novels ', 'from ', 'her ', 'salad ', 'years ', 'lacked ', 'the ', 'sophistication ', 'and ', 'depth ', 'of ', 'her ', 'later ', 'works', '.']"	['O', 'O', 'O', 'O', 'O', 'O', 'B-IDIOM', 'I-IDIOM', 'O', 'O', 'O', 'O', 'O', 'O', 'O', 'O', 'O', 'O']	[0, 0, 0, 0, 0, 0, 1, 2, 0, 0, 0, 0, 0, 0, 0, 0, 0, 0]	['salad years']	english	['salad years']	[1.0]	False	['O', 'O', 'O', 'O', 'O', 'O', 'B-IDIOM', 'I-IDIOM', 'O', 'O', 'O', 'O', 'O', 'O', 'O', 'O', 'O', 'O']
Harold: How is Sarah? I don't want to jump her while she's on the rag.	"['Harold', ': ', 'How ', 'is ', 'Sarah', '? ', 'I ', 'do', ""n't "", 'want ', 'to ', 'jump ', 'her ', 'while ', 'she', ""'s "", 'on ', 'the ', 'rag', '.']"	['O', 'O', 'O', 'O', 'O', 'O', 'O', 'O', 'O', 'O', 'O', 'O', 'O', 'O', 'O', 'O', 'B-IDIOM', 'I-IDIOM', 'I-IDIOM', 'O']	[0, 0, 0, 0, 0, 0, 0, 0, 0, 0, 0, 0, 0, 0, 0, 0, 1, 2, 2, 0]	['on the rag']	english	['on the rag']	[1.0]	False	['O', 'O', 'O', 'O', 'O', 'O', 'O', 'O', 'O', 'O', 'O', 'O', 'O', 'O', 'O', 'O', 'B-IDIOM', 'I-IDIOM', 'I-IDIOM', 'O']
He told me who he saw, but it went in one ear and out the other.	['He ', 'told ', 'me ', 'who ', 'he ', 'saw', ', ', 'but ', 'it ', 'went ', 'in ', 'one ', 'ear ', 'and ', 'out ', 'the ', 'other', '.']	['O', 'O', 'O', 'O', 'O', 'O', 'O', 'O', 'O', 'B-IDIOM', 'I-IDIOM', 'I-IDIOM', 'I-IDIOM', 'I-IDIOM', 'I-IDIOM', 'I-IDIOM', 'I-IDIOM', 'O']	[0, 0, 0, 0, 0, 0, 0, 0, 0, 1, 2, 2, 2, 2, 2, 2, 2, 0]	['went in one ear and out the other']	english	['in one ear and out the other']	[1.0]	False	['O', 'O', 'O', 'O', 'O', 'O', 'O', 'O', 'O', 'O', 'B-IDIOM', 'I-IDIOM', 'I-IDIOM', 'I-IDIOM', 'I-IDIOM', 'I-IDIOM', 'I-IDIOM', 'O']
I think I can do it quickly, but the exact schedule is still up in the air.	['I ', 'think ', 'I ', 'can ', 'do ', 'it ', 'quickly', ', ', 'but ', 'the ', 'exact ', 'schedule ', 'is ', 'still ', 'up ', 'in ', 'the ', 'air', '.']	['O', 'O', 'O', 'O', 'O', 'O', 'O', 'O', 'O', 'O', 'O', 'O', 'O', 'O', 'B-IDIOM', 'I-IDIOM', 'I-IDIOM', 'I-IDIOM', 'O']	[0, 0, 0, 0, 0, 0, 0, 0, 0, 0, 0, 0, 0, 0, 1, 2, 2, 2, 0]	['up in the air']	english	['up in the air']	[1.0]	False	['O', 'O', 'O', 'O', 'O', 'O', 'O', 'O', 'O', 'O', 'O', 'O', 'O', 'O', 'B-IDIOM', 'I-IDIOM', 'I-IDIOM', 'I-IDIOM', 'O']
That road comes to a dead end at the lake.	['That ', 'road ', 'comes ', 'to ', 'a ', 'dead ', 'end ', 'at ', 'the ', 'lake', '.']	['O', 'O', 'O', 'O', 'O', 'B-IDIOM', 'I-IDIOM', 'O', 'O', 'O', 'O']	[0, 0, 0, 0, 0, 1, 2, 0, 0, 0, 0]	['dead end']	english	['dead end']	[1.0]	False	['O', 'O', 'O', 'O', 'O', 'B-IDIOM', 'I-IDIOM', 'O', 'O', 'O', 'O']
Aerodynamics, my foot! The thing drives like a billboard.	['Aerodynamics', ', ', 'my ', 'foot', '! ', 'The ', 'thing ', 'drives ', 'like ', 'a ', 'billboard', '.']	['O', 'O', 'B-IDIOM', 'I-IDIOM', 'O', 'O', 'O', 'O', 'O', 'O', 'O', 'O']	[0, 0, 1, 2, 0, 0, 0, 0, 0, 0, 0, 0]	['my foot']	english	['my foot', 'like a billboard']	[1.0, 0.6]	False	['O', 'O', 'B-IDIOM', 'I-IDIOM', 'O', 'O', 'O', 'O', 'B-IDIOM', 'I-IDIOM', 'I-IDIOM', 'O']
Acme's new technology will raise the bar for the entire industry.	"['Acme', ""'s "", 'new ', 'technology ', 'will ', 'raise ', 'the ', 'bar ', 'for ', 'the ', 'entire ', 'industry', '.']"	['O', 'O', 'O', 'O', 'O', 'B-IDIOM', 'I-IDIOM', 'I-IDIOM', 'O', 'O', 'O', 'O', 'O']	[0, 0, 0, 0, 0, 1, 2, 2, 0, 0, 0, 0, 0]	['raise the bar']	english	['raise the bar']	[1.0]	False	['O', 'O', 'O', 'O', 'O', 'B-IDIOM', 'I-IDIOM', 'I-IDIOM', 'O', 'O', 'O', 'O', 'O']
You can breathe easy knowing that your savings account is insured against loss.	['You ', 'can ', 'breathe ', 'easy ', 'knowing ', 'that ', 'your ', 'savings ', 'account ', 'is ', 'insured ', 'against ', 'loss', '.']	['O', 'O', 'B-IDIOM', 'I-IDIOM', 'O', 'O', 'O', 'O', 'O', 'O', 'O', 'O', 'O', 'O']	[0, 0, 1, 2, 0, 0, 0, 0, 0, 0, 0, 0, 0, 0]	['breathe easy']	english	['breathe easy']	[1.0]	False	['O', 'O', 'B-IDIOM', 'I-IDIOM', 'O', 'O', 'O', 'O', 'O', 'O', 'O', 'O', 'O', 'O']
His new car has all the bells and whistles, but it doesn't move through traffic jams any faster.	"['His ', 'new ', 'car ', 'has ', 'all ', 'the ', 'bells ', 'and ', 'whistles', ', ', 'but ', 'it ', 'does', ""n't "", 'move ', 'through ', 'traffic ', 'jams ', 'any ', 'faster', '.']"	['O', 'O', 'O', 'O', 'O', 'O', 'B-IDIOM', 'I-IDIOM', 'I-IDIOM', 'O', 'O', 'O', 'O', 'O', 'O', 'O', 'O', 'O', 'O', 'O', 'O']	[0, 0, 0, 0, 0, 0, 1, 2, 2, 0, 0, 0, 0, 0, 0, 0, 0, 0, 0, 0, 0]	['bells and whistles']	english	['all the bells and whistles']	[1.0]	False	['O', 'O', 'O', 'O', 'B-IDIOM', 'I-IDIOM', 'I-IDIOM', 'I-IDIOM', 'I-IDIOM', 'O', 'O', 'O', 'O', 'O', 'O', 'O', 'O', 'O', 'O', 'O', 'O']
You can crank the engine until the cows come home, but it won’t start without fuel.	['You ', 'can ', 'crank ', 'the ', 'engine ', 'until ', 'the ', 'cows ', 'come ', 'home', ', ', 'but ', 'it ', 'wo', 'n’t ', 'start ', 'without ', 'fuel', '.']	['O', 'O', 'O', 'O', 'O', 'B-IDIOM', 'I-IDIOM', 'I-IDIOM', 'I-IDIOM', 'I-IDIOM', 'O', 'O', 'O', 'O', 'O', 'O', 'O', 'O', 'O']	[0, 0, 0, 0, 0, 1, 2, 2, 2, 2, 0, 0, 0, 0, 0, 0, 0, 0, 0]	['until the cows come home']	english	['until the cows come home']	[1.0]	False	['O', 'O', 'O', 'O', 'O', 'B-IDIOM', 'I-IDIOM', 'I-IDIOM', 'I-IDIOM', 'I-IDIOM', 'O', 'O', 'O', 'O', 'O', 'O', 'O', 'O', 'O']
She's normally a quiet person, but she will talk a blue streak about fashion, if you let her.	"['She', ""'s "", 'normally ', 'a ', 'quiet ', 'person', ', ', 'but ', 'she ', 'will ', 'talk ', 'a ', 'blue ', 'streak ', 'about ', 'fashion', ', ', 'if ', 'you ', 'let ', 'her', '.']"	['O', 'O', 'O', 'O', 'O', 'O', 'O', 'O', 'O', 'O', 'B-IDIOM', 'I-IDIOM', 'I-IDIOM', 'I-IDIOM', 'O', 'O', 'O', 'O', 'O', 'O', 'O', 'O']	[0, 0, 0, 0, 0, 0, 0, 0, 0, 0, 1, 2, 2, 2, 0, 0, 0, 0, 0, 0, 0, 0]	['talk a blue streak']	english	['talk a blue streak']	[1.0]	False	['O', 'O', 'O', 'O', 'O', 'O', 'O', 'O', 'O', 'O', 'B-IDIOM', 'I-IDIOM', 'I-IDIOM', 'I-IDIOM', 'O', 'O', 'O', 'O', 'O', 'O', 'O', 'O']
Someone really needs to go put the kibosh on that noisy party.	['Someone ', 'really ', 'needs ', 'to ', 'go ', 'put ', 'the ', 'kibosh ', 'on ', 'that ', 'noisy ', 'party', '.']	['O', 'O', 'O', 'O', 'O', 'B-IDIOM', 'I-IDIOM', 'I-IDIOM', 'I-IDIOM', 'O', 'O', 'O', 'O']	[0, 0, 0, 0, 0, 1, 2, 2, 2, 0, 0, 0, 0]	['put the kibosh on']	english	['put the kibosh']	[1.0]	False	['O', 'O', 'O', 'O', 'O', 'B-IDIOM', 'I-IDIOM', 'I-IDIOM', 'O', 'O', 'O', 'O', 'O']
Everybody and his cousin will be in line for opening night with free popcorn!	['Everybody ', 'and ', 'his ', 'cousin ', 'will ', 'be ', 'in ', 'line ', 'for ', 'opening ', 'night ', 'with ', 'free ', 'popcorn', '!']	['B-IDIOM', 'I-IDIOM', 'I-IDIOM', 'I-IDIOM', 'O', 'O', 'O', 'O', 'O', 'O', 'O', 'O', 'O', 'O', 'O']	[1, 2, 2, 2, 0, 0, 0, 0, 0, 0, 0, 0, 0, 0, 0]	['Everybody and his cousin']	english	['everybody and his cousin']	[1.0]	False	['B-IDIOM', 'I-IDIOM', 'I-IDIOM', 'I-IDIOM', 'O', 'O', 'O', 'O', 'O', 'O', 'O', 'O', 'O', 'O', 'O']
It is difficult, but possible to quit smoking cold turkey.	['It ', 'is ', 'difficult', ', ', 'but ', 'possible ', 'to ', 'quit ', 'smoking ', 'cold ', 'turkey', '.']	['O', 'O', 'O', 'O', 'O', 'O', 'O', 'O', 'O', 'B-IDIOM', 'I-IDIOM', 'O']	[0, 0, 0, 0, 0, 0, 0, 0, 0, 1, 2, 0]	['cold turkey']	english	['cold turkey']	[1.0]	False	['O', 'O', 'O', 'O', 'O', 'O', 'O', 'O', 'O', 'B-IDIOM', 'I-IDIOM', 'O']
If I had been more on the ball I would have asked when he called me.	['If ', 'I ', 'had ', 'been ', 'more ', 'on ', 'the ', 'ball ', 'I ', 'would ', 'have ', 'asked ', 'when ', 'he ', 'called ', 'me', '.']	['O', 'O', 'O', 'O', 'O', 'B-IDIOM', 'I-IDIOM', 'I-IDIOM', 'O', 'O', 'O', 'O', 'O', 'O', 'O', 'O', 'O']	[0, 0, 0, 0, 0, 1, 2, 2, 0, 0, 0, 0, 0, 0, 0, 0, 0]	['on the ball']	english	['on the ball']	[1.0]	False	['O', 'O', 'O', 'O', 'O', 'B-IDIOM', 'I-IDIOM', 'I-IDIOM', 'O', 'O', 'O', 'O', 'O', 'O', 'O', 'O', 'O']
Be like dad, keep mum.	['Be ', 'like ', 'dad', ', ', 'keep ', 'mum', '.']	['O', 'O', 'O', 'O', 'B-IDIOM', 'I-IDIOM', 'O']	[0, 0, 0, 0, 1, 2, 0]	['keep mum']	english	['keep mum']	[1.0]	False	['O', 'O', 'O', 'O', 'B-IDIOM', 'I-IDIOM', 'O']
Including a few fun details in large group introductions can be a great way to break the ice.	['Including ', 'a ', 'few ', 'fun ', 'details ', 'in ', 'large ', 'group ', 'introductions ', 'can ', 'be ', 'a ', 'great ', 'way ', 'to ', 'break ', 'the ', 'ice', '.']	['O', 'O', 'O', 'O', 'O', 'O', 'O', 'O', 'O', 'O', 'O', 'O', 'O', 'O', 'O', 'B-IDIOM', 'I-IDIOM', 'I-IDIOM', 'O']	[0, 0, 0, 0, 0, 0, 0, 0, 0, 0, 0, 0, 0, 0, 0, 1, 2, 2, 0]	['break the ice']	english	['break the ice']	[1.0]	False	['O', 'O', 'O', 'O', 'O', 'O', 'O', 'O', 'O', 'O', 'O', 'O', 'O', 'O', 'O', 'B-IDIOM', 'I-IDIOM', 'I-IDIOM', 'O']
The company had engineered plenty of products, but manufacturing them was virgin territory.	['The ', 'company ', 'had ', 'engineered ', 'plenty ', 'of ', 'products', ', ', 'but ', 'manufacturing ', 'them ', 'was ', 'virgin ', 'territory', '.']	['O', 'O', 'O', 'O', 'O', 'O', 'O', 'O', 'O', 'O', 'O', 'O', 'B-IDIOM', 'I-IDIOM', 'O']	[0, 0, 0, 0, 0, 0, 0, 0, 0, 0, 0, 0, 1, 2, 0]	['virgin territory']	english	['virgin territory']	[1.0]	False	['O', 'O', 'O', 'O', 'O', 'O', 'O', 'O', 'O', 'O', 'O', 'O', 'B-IDIOM', 'I-IDIOM', 'O']
Give me the bigger hammer. This little one just doesn't cut the mustard.	"['Give ', 'me ', 'the ', 'bigger ', 'hammer', '. ', 'This ', 'little ', 'one ', 'just ', 'does', ""n't "", 'cut ', 'the ', 'mustard', '.']"	['O', 'O', 'O', 'O', 'O', 'O', 'O', 'O', 'O', 'O', 'O', 'O', 'B-IDIOM', 'I-IDIOM', 'I-IDIOM', 'O']	[0, 0, 0, 0, 0, 0, 0, 0, 0, 0, 0, 0, 1, 2, 2, 0]	['cut the mustard']	english	['cut the mustard']	[1.0]	False	['O', 'O', 'O', 'O', 'O', 'O', 'O', 'O', 'O', 'O', 'O', 'O', 'B-IDIOM', 'I-IDIOM', 'I-IDIOM', 'O']
Our marriage went through a difficult time, but now it is on the mend.	['Our ', 'marriage ', 'went ', 'through ', 'a ', 'difficult ', 'time', ', ', 'but ', 'now ', 'it ', 'is ', 'on ', 'the ', 'mend', '.']	['O', 'O', 'O', 'O', 'O', 'O', 'O', 'O', 'O', 'O', 'O', 'O', 'B-IDIOM', 'I-IDIOM', 'I-IDIOM', 'O']	[0, 0, 0, 0, 0, 0, 0, 0, 0, 0, 0, 0, 1, 2, 2, 0]	['on the mend']	english	['on the mend']	[1.0]	False	['O', 'O', 'O', 'O', 'O', 'O', 'O', 'O', 'O', 'O', 'O', 'O', 'B-IDIOM', 'I-IDIOM', 'I-IDIOM', 'O']
Among the laundry list of inconveniences most of us can't abide: cold coffee, airport delays, the high price of gasoline.	"['Among ', 'the ', 'laundry ', 'list ', 'of ', 'inconveniences ', 'most ', 'of ', 'us ', 'ca', ""n't "", 'abide', ': ', 'cold ', 'coffee', ', ', 'airport ', 'delays', ', ', 'the ', 'high ', 'price ', 'of ', 'gasoline', '.']"	['O', 'O', 'B-IDIOM', 'I-IDIOM', 'O', 'O', 'O', 'O', 'O', 'O', 'O', 'O', 'O', 'O', 'O', 'O', 'O', 'O', 'O', 'O', 'O', 'O', 'O', 'O', 'O']	[0, 0, 1, 2, 0, 0, 0, 0, 0, 0, 0, 0, 0, 0, 0, 0, 0, 0, 0, 0, 0, 0, 0, 0, 0]	['laundry list']	english	['laundry list']	[1.0]	False	['O', 'O', 'B-IDIOM', 'I-IDIOM', 'O', 'O', 'O', 'O', 'O', 'O', 'O', 'O', 'O', 'O', 'O', 'O', 'O', 'O', 'O', 'O', 'O', 'O', 'O', 'O', 'O']
I wouldn't trade you away for all the tea in China.	"['I ', 'would', ""n't "", 'trade ', 'you ', 'away ', 'for ', 'all ', 'the ', 'tea ', 'in ', 'China', '.']"	['O', 'O', 'O', 'O', 'O', 'O', 'O', 'B-IDIOM', 'I-IDIOM', 'I-IDIOM', 'I-IDIOM', 'I-IDIOM', 'O']	[0, 0, 0, 0, 0, 0, 0, 1, 2, 2, 2, 2, 0]	['all the tea in China']	english	['for all the tea in china']	[1.0]	False	['O', 'O', 'O', 'O', 'O', 'O', 'B-IDIOM', 'I-IDIOM', 'I-IDIOM', 'I-IDIOM', 'I-IDIOM', 'I-IDIOM', 'O']
He went to school to study math and science and all that jazz.	['He ', 'went ', 'to ', 'school ', 'to ', 'study ', 'math ', 'and ', 'science ', 'and ', 'all ', 'that ', 'jazz', '.']	['O', 'O', 'O', 'O', 'O', 'O', 'O', 'O', 'O', 'O', 'B-IDIOM', 'I-IDIOM', 'I-IDIOM', 'O']	[0, 0, 0, 0, 0, 0, 0, 0, 0, 0, 1, 2, 2, 0]	['all that jazz']	english	['all that jazz']	[0.8]	False	['O', 'O', 'O', 'O', 'O', 'O', 'O', 'O', 'O', 'O', 'B-IDIOM', 'I-IDIOM', 'I-IDIOM', 'O']
We went to a karaoke bar and had a barrel of laughs.	['We ', 'went ', 'to ', 'a ', 'karaoke ', 'bar ', 'and ', 'had ', 'a ', 'barrel ', 'of ', 'laughs', '.']	['O', 'O', 'O', 'O', 'O', 'O', 'O', 'O', 'O', 'B-IDIOM', 'I-IDIOM', 'I-IDIOM', 'O']	[0, 0, 0, 0, 0, 0, 0, 0, 0, 1, 2, 2, 0]	['barrel of laughs']	english	['a barrel of laughs']	[1.0]	False	['O', 'O', 'O', 'O', 'O', 'O', 'O', 'O', 'B-IDIOM', 'I-IDIOM', 'I-IDIOM', 'I-IDIOM', 'O']
It's a straightforward job, but it's no bed of roses, with such long hours.	"['It', ""'s "", 'a ', 'straightforward ', 'job', ', ', 'but ', 'it', ""'s "", 'no ', 'bed ', 'of ', 'roses', ', ', 'with ', 'such ', 'long ', 'hours', '.']"	['O', 'O', 'O', 'O', 'O', 'O', 'O', 'O', 'O', 'O', 'B-IDIOM', 'I-IDIOM', 'I-IDIOM', 'O', 'O', 'O', 'O', 'O', 'O']	[0, 0, 0, 0, 0, 0, 0, 0, 0, 0, 1, 2, 2, 0, 0, 0, 0, 0, 0]	['bed of roses']	english	['bed of roses']	[1.0]	False	['O', 'O', 'O', 'O', 'O', 'O', 'O', 'O', 'O', 'O', 'B-IDIOM', 'I-IDIOM', 'I-IDIOM', 'O', 'O', 'O', 'O', 'O', 'O']
The government at home, and the people of the colonies, are getting to have bad blood between them.	['The ', 'government ', 'at ', 'home', ', ', 'and ', 'the ', 'people ', 'of ', 'the ', 'colonies', ', ', 'are ', 'getting ', 'to ', 'have ', 'bad ', 'blood ', 'between ', 'them', '.']	['O', 'O', 'O', 'O', 'O', 'O', 'O', 'O', 'O', 'O', 'O', 'O', 'O', 'O', 'O', 'O', 'B-IDIOM', 'I-IDIOM', 'O', 'O', 'O']	[0, 0, 0, 0, 0, 0, 0, 0, 0, 0, 0, 0, 0, 0, 0, 0, 1, 2, 0, 0, 0]	['bad blood']	english	['bad blood']	[1.0]	False	['O', 'O', 'O', 'O', 'O', 'O', 'O', 'O', 'O', 'O', 'O', 'O', 'O', 'O', 'O', 'O', 'B-IDIOM', 'I-IDIOM', 'O', 'O', 'O']
She's a sharp cookie and will have no trouble seeing a sales pitch for what it is.	"['She', ""'s "", 'a ', 'sharp ', 'cookie ', 'and ', 'will ', 'have ', 'no ', 'trouble ', 'seeing ', 'a ', 'sales ', 'pitch ', 'for ', 'what ', 'it ', 'is', '.']"	['O', 'O', 'O', 'B-IDIOM', 'I-IDIOM', 'O', 'O', 'O', 'O', 'O', 'O', 'O', 'O', 'O', 'O', 'O', 'O', 'O', 'O']	[0, 0, 0, 1, 2, 0, 0, 0, 0, 0, 0, 0, 0, 0, 0, 0, 0, 0, 0]	['sharp cookie']	english	['sharp cookie']	[1.0]	False	['O', 'O', 'O', 'B-IDIOM', 'I-IDIOM', 'O', 'O', 'O', 'O', 'O', 'O', 'O', 'O', 'O', 'O', 'O', 'O', 'O', 'O']
You're in a bad mood today. What's eating you?	"['You', ""'re "", 'in ', 'a ', 'bad ', 'mood ', 'today', '. ', 'What', ""'s "", 'eating ', 'you', '?']"	['O', 'O', 'O', 'O', 'O', 'O', 'O', 'O', 'B-IDIOM', 'I-IDIOM', 'I-IDIOM', 'I-IDIOM', 'O']	[0, 0, 0, 0, 0, 0, 0, 0, 1, 2, 2, 2, 0]	"[""What 's eating you""]"	english	"[""what's eating you""]"	[1.0]	False	['O', 'O', 'O', 'O', 'O', 'O', 'O', 'O', 'B-IDIOM', 'I-IDIOM', 'I-IDIOM', 'I-IDIOM', 'O']
When the boss assigned the project to Tom, the rest of us were relieved to be off the hook.	['When ', 'the ', 'boss ', 'assigned ', 'the ', 'project ', 'to ', 'Tom', ', ', 'the ', 'rest ', 'of ', 'us ', 'were ', 'relieved ', 'to ', 'be ', 'off ', 'the ', 'hook', '.']	['O', 'O', 'O', 'O', 'O', 'O', 'O', 'O', 'O', 'O', 'O', 'O', 'O', 'O', 'O', 'O', 'O', 'B-IDIOM', 'I-IDIOM', 'I-IDIOM', 'O']	[0, 0, 0, 0, 0, 0, 0, 0, 0, 0, 0, 0, 0, 0, 0, 0, 0, 1, 2, 2, 0]	['off the hook']	english	['off the hook']	[1.0]	False	['O', 'O', 'O', 'O', 'O', 'O', 'O', 'O', 'O', 'O', 'O', 'O', 'O', 'O', 'O', 'O', 'O', 'B-IDIOM', 'I-IDIOM', 'I-IDIOM', 'O']
We were just standing around shooting the breeze.	['We ', 'were ', 'just ', 'standing ', 'around ', 'shooting ', 'the ', 'breeze', '.']	['O', 'O', 'O', 'O', 'O', 'B-IDIOM', 'I-IDIOM', 'I-IDIOM', 'O']	[0, 0, 0, 0, 0, 1, 2, 2, 0]	['shooting the breeze']	english	['shooting the breeze']	[1.0]	False	['O', 'O', 'O', 'O', 'O', 'B-IDIOM', 'I-IDIOM', 'I-IDIOM', 'O']
She was determined to win the contract, by hook or by crook.	['She ', 'was ', 'determined ', 'to ', 'win ', 'the ', 'contract', ', ', 'by ', 'hook ', 'or ', 'by ', 'crook', '.']	['O', 'O', 'O', 'O', 'O', 'O', 'O', 'O', 'B-IDIOM', 'I-IDIOM', 'I-IDIOM', 'I-IDIOM', 'I-IDIOM', 'O']	[0, 0, 0, 0, 0, 0, 0, 0, 1, 2, 2, 2, 2, 0]	['by hook or by crook']	english	['by hook or by crook']	[1.0]	False	['O', 'O', 'O', 'O', 'O', 'O', 'O', 'O', 'B-IDIOM', 'I-IDIOM', 'I-IDIOM', 'I-IDIOM', 'I-IDIOM', 'O']
You can ignore their problems, but you could be in the same boat someday.	['You ', 'can ', 'ignore ', 'their ', 'problems', ', ', 'but ', 'you ', 'could ', 'be ', 'in ', 'the ', 'same ', 'boat ', 'someday', '.']	['O', 'O', 'O', 'O', 'O', 'O', 'O', 'O', 'O', 'O', 'B-IDIOM', 'I-IDIOM', 'I-IDIOM', 'I-IDIOM', 'O', 'O']	[0, 0, 0, 0, 0, 0, 0, 0, 0, 0, 1, 2, 2, 2, 0, 0]	['in the same boat']	english	['in the same boat']	[1.0]	False	['O', 'O', 'O', 'O', 'O', 'O', 'O', 'O', 'O', 'O', 'B-IDIOM', 'I-IDIOM', 'I-IDIOM', 'I-IDIOM', 'O', 'O']
After a day's worth of events, it came down to one last match; this one was for all the marbles.	"['After ', 'a ', 'day', ""'s "", 'worth ', 'of ', 'events', ', ', 'it ', 'came ', 'down ', 'to ', 'one ', 'last ', 'match', '; ', 'this ', 'one ', 'was ', 'for ', 'all ', 'the ', 'marbles', '.']"	['O', 'O', 'O', 'O', 'O', 'O', 'O', 'O', 'O', 'O', 'O', 'O', 'O', 'O', 'O', 'O', 'O', 'O', 'O', 'O', 'B-IDIOM', 'I-IDIOM', 'I-IDIOM', 'O']	[0, 0, 0, 0, 0, 0, 0, 0, 0, 0, 0, 0, 0, 0, 0, 0, 0, 0, 0, 0, 1, 2, 2, 0]	['all the marbles']	english	['for all the marbles']	[1.0]	False	['O', 'O', 'O', 'O', 'O', 'O', 'O', 'O', 'O', 'O', 'O', 'O', 'O', 'O', 'O', 'O', 'O', 'O', 'O', 'B-IDIOM', 'I-IDIOM', 'I-IDIOM', 'I-IDIOM', 'O']
After having shown us three hours of instructional and safety videos, the inspector was simply beating a dead horse by telling us to buckle up as we got into the van.	['After ', 'having ', 'shown ', 'us ', 'three ', 'hours ', 'of ', 'instructional ', 'and ', 'safety ', 'videos', ', ', 'the ', 'inspector ', 'was ', 'simply ', 'beating ', 'a ', 'dead ', 'horse ', 'by ', 'telling ', 'us ', 'to ', 'buckle ', 'up ', 'as ', 'we ', 'got ', 'into ', 'the ', 'van', '.']	['O', 'O', 'O', 'O', 'O', 'O', 'O', 'O', 'O', 'O', 'O', 'O', 'O', 'O', 'O', 'O', 'B-IDIOM', 'I-IDIOM', 'I-IDIOM', 'I-IDIOM', 'O', 'O', 'O', 'O', 'O', 'O', 'O', 'O', 'O', 'O', 'O', 'O', 'O']	[0, 0, 0, 0, 0, 0, 0, 0, 0, 0, 0, 0, 0, 0, 0, 0, 1, 2, 2, 2, 0, 0, 0, 0, 0, 0, 0, 0, 0, 0, 0, 0, 0]	['beating a dead horse']	english	['beating a dead horse']	[1.0]	False	['O', 'O', 'O', 'O', 'O', 'O', 'O', 'O', 'O', 'O', 'O', 'O', 'O', 'O', 'O', 'O', 'B-IDIOM', 'I-IDIOM', 'I-IDIOM', 'I-IDIOM', 'O', 'O', 'O', 'O', 'O', 'O', 'O', 'O', 'O', 'O', 'O', 'O', 'O']
As if the hostile takeover weren't enough, to add insult to injury they scrapped ninety percent of our products and replaced them with their own.	"['As ', 'if ', 'the ', 'hostile ', 'takeover ', 'were', ""n't "", 'enough', ', ', 'to ', 'add ', 'insult ', 'to ', 'injury ', 'they ', 'scrapped ', 'ninety ', 'percent ', 'of ', 'our ', 'products ', 'and ', 'replaced ', 'them ', 'with ', 'their ', 'own', '.']"	['O', 'O', 'O', 'O', 'O', 'O', 'O', 'O', 'O', 'O', 'B-IDIOM', 'I-IDIOM', 'I-IDIOM', 'I-IDIOM', 'O', 'O', 'O', 'O', 'O', 'O', 'O', 'O', 'O', 'O', 'O', 'O', 'O', 'O']	[0, 0, 0, 0, 0, 0, 0, 0, 0, 0, 1, 2, 2, 2, 0, 0, 0, 0, 0, 0, 0, 0, 0, 0, 0, 0, 0, 0]	['add insult to injury']	english	['add insult to injury']	[0.8]	False	['O', 'O', 'O', 'O', 'O', 'O', 'O', 'O', 'O', 'O', 'B-IDIOM', 'I-IDIOM', 'I-IDIOM', 'I-IDIOM', 'O', 'O', 'O', 'O', 'O', 'O', 'O', 'O', 'O', 'O', 'O', 'O', 'O', 'O']
That project is on the back burner until we deal with higher priorities.	['That ', 'project ', 'is ', 'on ', 'the ', 'back ', 'burner ', 'until ', 'we ', 'deal ', 'with ', 'higher ', 'priorities', '.']	['O', 'O', 'O', 'B-IDIOM', 'I-IDIOM', 'I-IDIOM', 'I-IDIOM', 'O', 'O', 'O', 'O', 'O', 'O', 'O']	[0, 0, 0, 1, 2, 2, 2, 0, 0, 0, 0, 0, 0, 0]	['on the back burner']	english	['on the back burner']	[1.0]	False	['O', 'O', 'O', 'B-IDIOM', 'I-IDIOM', 'I-IDIOM', 'I-IDIOM', 'O', 'O', 'O', 'O', 'O', 'O', 'O']
These latest modifications are mere window dressing; the same problems remain.	['These ', 'latest ', 'modifications ', 'are ', 'mere ', 'window ', 'dressing', '; ', 'the ', 'same ', 'problems ', 'remain', '.']	['O', 'O', 'O', 'O', 'O', 'B-IDIOM', 'I-IDIOM', 'O', 'O', 'O', 'O', 'O', 'O']	[0, 0, 0, 0, 0, 1, 2, 0, 0, 0, 0, 0, 0]	['window dressing']	english	['window dressing']	[1.0]	False	['O', 'O', 'O', 'O', 'O', 'B-IDIOM', 'I-IDIOM', 'O', 'O', 'O', 'O', 'O', 'O']
After I hadn’t heard from her in six months, she called me out of the blue to meet for lunch.	['After ', 'I ', 'had', 'n’t ', 'heard ', 'from ', 'her ', 'in ', 'six ', 'months', ', ', 'she ', 'called ', 'me ', 'out ', 'of ', 'the ', 'blue ', 'to ', 'meet ', 'for ', 'lunch', '.']	['O', 'O', 'O', 'O', 'O', 'O', 'O', 'O', 'O', 'O', 'O', 'O', 'O', 'O', 'B-IDIOM', 'I-IDIOM', 'I-IDIOM', 'I-IDIOM', 'O', 'O', 'O', 'O', 'O']	[0, 0, 0, 0, 0, 0, 0, 0, 0, 0, 0, 0, 0, 0, 1, 2, 2, 2, 0, 0, 0, 0, 0]	['out of the blue']	english	['out of the blue']	[1.0]	False	['O', 'O', 'O', 'O', 'O', 'O', 'O', 'O', 'O', 'O', 'O', 'O', 'O', 'O', 'B-IDIOM', 'I-IDIOM', 'I-IDIOM', 'I-IDIOM', 'O', 'O', 'O', 'O', 'O']
Let's just say I know because a little bird told me.	"['Let', ""'s "", 'just ', 'say ', 'I ', 'know ', 'because ', 'a ', 'little ', 'bird ', 'told ', 'me', '.']"	['O', 'O', 'O', 'O', 'O', 'O', 'O', 'B-IDIOM', 'I-IDIOM', 'I-IDIOM', 'I-IDIOM', 'I-IDIOM', 'O']	[0, 0, 0, 0, 0, 0, 0, 1, 2, 2, 2, 2, 0]	['a little bird told me']	english	['a little bird told me']	[1.0]	False	['O', 'O', 'O', 'O', 'O', 'O', 'O', 'B-IDIOM', 'I-IDIOM', 'I-IDIOM', 'I-IDIOM', 'I-IDIOM', 'O']
Folks in our neighborhood come from every walk of life, prince and pauper, investor and janitor.	['Folks ', 'in ', 'our ', 'neighborhood ', 'come ', 'from ', 'every ', 'walk ', 'of ', 'life', ', ', 'prince ', 'and ', 'pauper', ', ', 'investor ', 'and ', 'janitor', '.']	['O', 'O', 'O', 'O', 'O', 'O', 'O', 'B-IDIOM', 'I-IDIOM', 'I-IDIOM', 'O', 'O', 'O', 'O', 'O', 'O', 'O', 'O', 'O']	[0, 0, 0, 0, 0, 0, 0, 1, 2, 2, 0, 0, 0, 0, 0, 0, 0, 0, 0]	['walk of life']	english	['every walk of life']	[1.0]	False	['O', 'O', 'O', 'O', 'O', 'O', 'B-IDIOM', 'I-IDIOM', 'I-IDIOM', 'I-IDIOM', 'O', 'O', 'O', 'O', 'O', 'O', 'O', 'O', 'O']
We're expected to just do it at the drop of a hat.	"['We', ""'re "", 'expected ', 'to ', 'just ', 'do ', 'it ', 'at ', 'the ', 'drop ', 'of ', 'a ', 'hat', '.']"	['O', 'O', 'O', 'O', 'O', 'O', 'O', 'B-IDIOM', 'I-IDIOM', 'I-IDIOM', 'I-IDIOM', 'I-IDIOM', 'I-IDIOM', 'O']	[0, 0, 0, 0, 0, 0, 0, 1, 2, 2, 2, 2, 2, 0]	['at the drop of a hat']	english	['at the drop of a hat']	[1.0]	False	['O', 'O', 'O', 'O', 'O', 'O', 'O', 'B-IDIOM', 'I-IDIOM', 'I-IDIOM', 'I-IDIOM', 'I-IDIOM', 'I-IDIOM', 'O']
They worked around the clock to finish the project on time.	['They ', 'worked ', 'around ', 'the ', 'clock ', 'to ', 'finish ', 'the ', 'project ', 'on ', 'time', '.']	['O', 'O', 'B-IDIOM', 'I-IDIOM', 'I-IDIOM', 'O', 'O', 'O', 'O', 'O', 'O', 'O']	[0, 0, 1, 2, 2, 0, 0, 0, 0, 0, 0, 0]	['around the clock']	english	['around the clock']	[1.0]	False	['O', 'O', 'B-IDIOM', 'I-IDIOM', 'I-IDIOM', 'O', 'O', 'O', 'O', 'O', 'O', 'O']
Only the top banana can make a decision of that magnitude.	['Only ', 'the ', 'top ', 'banana ', 'can ', 'make ', 'a ', 'decision ', 'of ', 'that ', 'magnitude', '.']	['O', 'O', 'B-IDIOM', 'I-IDIOM', 'O', 'O', 'O', 'O', 'O', 'O', 'O', 'O']	[0, 0, 1, 2, 0, 0, 0, 0, 0, 0, 0, 0]	['top banana']	english	['top banana']	[1.0]	False	['O', 'O', 'B-IDIOM', 'I-IDIOM', 'O', 'O', 'O', 'O', 'O', 'O', 'O', 'O']
He was hilarious, and remained the top banana on the tour for years.	['He ', 'was ', 'hilarious', ', ', 'and ', 'remained ', 'the ', 'top ', 'banana ', 'on ', 'the ', 'tour ', 'for ', 'years', '.']	['O', 'O', 'O', 'O', 'O', 'O', 'O', 'B-IDIOM', 'I-IDIOM', 'O', 'O', 'O', 'O', 'O', 'O']	[0, 0, 0, 0, 0, 0, 0, 1, 2, 0, 0, 0, 0, 0, 0]	['top banana']	english	['top banana']	[1.0]	False	['O', 'O', 'O', 'O', 'O', 'O', 'O', 'B-IDIOM', 'I-IDIOM', 'O', 'O', 'O', 'O', 'O', 'O']
The new chairman is happy to take a back seat when it comes to day-to-day operations.	['The ', 'new ', 'chairman ', 'is ', 'happy ', 'to ', 'take ', 'a ', 'back ', 'seat ', 'when ', 'it ', 'comes ', 'to ', 'day', '-', 'to', '-', 'day ', 'operations', '.']	['O', 'O', 'O', 'O', 'O', 'O', 'B-IDIOM', 'I-IDIOM', 'I-IDIOM', 'I-IDIOM', 'O', 'O', 'O', 'O', 'O', 'O', 'O', 'O', 'O', 'O', 'O']	[0, 0, 0, 0, 0, 0, 1, 2, 2, 2, 0, 0, 0, 0, 0, 0, 0, 0, 0, 0, 0]	['take a back seat']	english	['take a back seat']	[1.0]	False	['O', 'O', 'O', 'O', 'O', 'O', 'B-IDIOM', 'I-IDIOM', 'I-IDIOM', 'I-IDIOM', 'O', 'O', 'O', 'O', 'O', 'O', 'O', 'O', 'O', 'O', 'O']
